date,obs,synth,diff,upper_ci,lower_ci,T0,outcome,treated,placebo
2015-01-01,51.5430376344086,51.116524405496534,0.42651322891206433,NA,NA,41,DAP,ES,time_48
2015-02-01,42.60608630952381,52.07816641519701,-9.4720801056732,NA,NA,41,DAP,ES,time_48
2015-03-01,43.08432795698925,48.167439724210055,-5.083111767220807,NA,NA,41,DAP,ES,time_48
2015-04-01,45.38505555555555,45.105770603663025,0.279284951892528,NA,NA,41,DAP,ES,time_48
2015-05-01,45.1483064516129,43.132513629867766,2.015792821745137,NA,NA,41,DAP,ES,time_48
2015-06-01,54.74554166666667,44.53090337721747,10.214638289449198,NA,NA,41,DAP,ES,time_48
2015-07-01,59.526747311827954,57.14238634188108,2.3843609699468757,NA,NA,41,DAP,ES,time_48
2015-08-01,55.60958333333333,48.87873608526647,6.7308472480668655,NA,NA,41,DAP,ES,time_48
2015-09-01,51.87383333333333,50.868455443597966,1.0053778897353638,NA,NA,41,DAP,ES,time_48
2015-10-01,49.88583333333333,48.91680948282011,0.9690238505132172,NA,NA,41,DAP,ES,time_48
2015-11-01,51.21619444444445,49.05103756675453,2.165156877689917,NA,NA,41,DAP,ES,time_48
2015-12-01,52.586424731182795,48.926523027209406,3.6599017039733894,NA,NA,41,DAP,ES,time_48
2016-01-01,36.514932795698925,42.94870598917501,-6.433773193476085,NA,NA,41,DAP,ES,time_48
2016-02-01,27.47925287356322,35.20372740682991,-7.724474533266694,NA,NA,41,DAP,ES,time_48
2016-03-01,27.793239247311828,33.67466726703275,-5.881428019720925,NA,NA,41,DAP,ES,time_48
2016-04-01,24.098375,32.21892940594657,-8.120554405946567,NA,NA,41,DAP,ES,time_48
2016-05-01,25.812056451612904,35.91841702395238,-10.106360572339476,NA,NA,41,DAP,ES,time_48
2016-06-01,38.924347222222224,38.326646198737535,0.5977010234846887,NA,NA,41,DAP,ES,time_48
2016-07-01,40.51584677419355,39.38685814526423,1.1289886289293207,NA,NA,41,DAP,ES,time_48
2016-08-01,41.14416666666666,35.022660176207026,6.1215064904596375,NA,NA,41,DAP,ES,time_48
2016-09-01,43.60475,39.35055444208419,4.254195557915814,NA,NA,41,DAP,ES,time_48
2016-10-01,52.84755376344086,49.118710534242624,3.728843229198233,NA,NA,41,DAP,ES,time_48
2016-11-01,56.146375,51.35050634388545,4.79586865611455,NA,NA,41,DAP,ES,time_48
2016-12-01,60.48635752688172,52.681441641253095,7.804915885628624,NA,NA,41,DAP,ES,time_48
2017-01-01,71.50611559139784,70.85026295593582,0.6558526354620255,NA,NA,41,DAP,ES,time_48
2017-02-01,51.703630952380955,53.18481305905314,-1.4811821066721862,NA,NA,41,DAP,ES,time_48
2017-03-01,43.16017473118279,41.980073506079364,1.180101225103428,NA,NA,41,DAP,ES,time_48
2017-04-01,43.68673611111111,41.48572128300224,2.2010148281088675,NA,NA,41,DAP,ES,time_48
2017-05-01,47.17415322580645,42.23862908690941,4.935524138897037,NA,NA,41,DAP,ES,time_48
2017-06-01,50.20333333333333,45.607047295982525,4.596286037350808,NA,NA,41,DAP,ES,time_48
2017-07-01,48.63221774193549,47.41916036344183,1.2130573784936587,NA,NA,41,DAP,ES,time_48
2017-08-01,47.44994623655914,49.243978269310006,-1.794032032750863,NA,NA,41,DAP,ES,time_48
2017-09-01,49.160916666666665,48.09167347296989,1.069243193696778,NA,NA,41,DAP,ES,time_48
2017-10-01,56.784408602150535,53.43254355608855,3.351865046061988,NA,NA,41,DAP,ES,time_48
2017-11-01,59.21825,64.92761748928105,-5.70936748928105,NA,NA,41,DAP,ES,time_48
2017-12-01,57.85362903225806,53.828402566909986,4.0252264653480765,NA,NA,41,DAP,ES,time_48
2018-01-01,50.0509811827957,46.29102148442756,3.7599596983681423,NA,NA,41,DAP,ES,time_48
2018-02-01,54.86732142857143,48.66808182189298,6.1992396066784465,NA,NA,41,DAP,ES,time_48
2018-03-01,40.156155913978495,44.86825698412107,-4.712101070142573,NA,NA,41,DAP,ES,time_48
2018-04-01,42.685291666666664,43.138977074926515,-0.45368540825985093,NA,NA,41,DAP,ES,time_48
2018-05-01,54.98024193548387,49.98231136242062,4.99793057306325,NA,NA,41,DAP,ES,time_48
2018-06-01,58.44956944444444,56.1118694553903,2.337699989054144,10.589999999999996,-6.530000000000001,41,DAP,ES,time_48
2018-07-01,61.87819892473118,58.90338678626989,2.9748121384612887,11.450000000000003,-6.240000000000002,41,DAP,ES,time_48
2018-08-01,64.34020161290323,62.62968618650365,1.7105154263995814,9.799999999999997,-6.52,41,DAP,ES,time_48
2018-09-01,71.25444444444445,67.61222342635378,3.642221018090666,12.619999999999997,-5.109999999999999,41,DAP,ES,time_48
2018-10-01,65.10649193548387,70.29214289310565,-5.185650957621775,3.549999999999997,-13.920000000000002,41,DAP,ES,time_48
2018-11-01,61.96447222222222,68.68713337819337,-6.722661155971146,2.1499999999999986,-15.540000000000001,41,DAP,ES,time_48
2018-12-01,61.80711021505376,66.79952238621854,-4.99241217116478,3.219999999999999,-13.82,41,DAP,ES,time_48
2019-01-01,61.959852150537635,70.90033293224641,-8.940480781708779,-0.6900000000000013,-17.87,41,DAP,ES,time_48
2019-02-01,54.02049107142857,59.79025123470724,-5.769760163278669,3.450000000000003,-16.46,41,DAP,ES,time_48
2019-03-01,48.83611559139785,50.29617781163222,-1.46006222023437,7.8699999999999974,-12.3,41,DAP,ES,time_48
2019-04-01,50.40361111111111,53.518960334154755,-3.115349223043644,5.909999999999997,-13.560000000000002,41,DAP,ES,time_48
2019-05-01,48.39399193548387,54.109267659807884,-5.715275724324016,4.469999999999999,-17.9,41,DAP,ES,time_48
2019-06-01,47.16123611111111,53.300251457428075,-6.139015346316967,5.280000000000001,-20.22,41,DAP,ES,time_48
2019-07-01,51.464301075268814,55.048003621096655,-3.5837025458278404,5.18,-13.540000000000003,41,DAP,ES,time_48
2019-08-01,44.95181451612903,56.35573590555434,-11.403921389425307,-2.0600000000000023,-22.160000000000004,41,DAP,ES,time_48
2019-09-01,42.13011111111111,57.02175935090723,-14.891648239796119,-4.030000000000001,-26.5,41,DAP,ES,time_48
2019-10-01,47.1523252688172,57.10187551798846,-9.94955024917126,-1.0899999999999999,-19.89,41,DAP,ES,time_48
2019-11-01,42.18718055555556,50.142904132534674,-7.955723576979118,0.4299999999999997,-17.05,41,DAP,ES,time_48
2019-12-01,33.809368279569895,49.85810079008124,-16.048732510511343,-6.630000000000003,-27.060000000000002,41,DAP,ES,time_48
2020-01-01,41.080094086021504,52.63919572794389,-11.559101641922389,-3.030000000000001,-21.04,41,DAP,ES,time_48
2013-06-01,108.35,111.60683944414258,-3.256839444142585,NA,NA,60,NRG,ES,time_48
2013-07-01,110.25,112.40871194980821,-2.1587119498082075,NA,NA,60,NRG,ES,time_48
2013-08-01,111.54,112.88552791031603,-1.3455279103160223,NA,NA,60,NRG,ES,time_48
2013-09-01,112.09,114.21161532086666,-2.1216153208666526,NA,NA,60,NRG,ES,time_48
2013-10-01,111.22,111.4120538851178,-0.19205388511780086,NA,NA,60,NRG,ES,time_48
2013-11-01,110.42,110.45179870671595,-0.03179870671594642,NA,NA,60,NRG,ES,time_48
2013-12-01,111.15,111.40561245140266,-0.255612451402655,NA,NA,60,NRG,ES,time_48
2014-01-01,111.11,110.9800735860035,0.1299264139965004,NA,NA,60,NRG,ES,time_48
2014-02-01,111.1,110.99147513081368,0.10852486918631143,NA,NA,60,NRG,ES,time_48
2014-03-01,110.72,110.85705193647195,-0.13705193647194847,NA,NA,60,NRG,ES,time_48
2014-04-01,111,110.45200347199193,0.5479965280080705,NA,NA,60,NRG,ES,time_48
2014-05-01,111.21,110.41833546828576,0.7916645317142326,NA,NA,60,NRG,ES,time_48
2014-06-01,111.22,110.8237047424023,0.3962952575976999,NA,NA,60,NRG,ES,time_48
2014-07-01,110.61,111.17177594699696,-0.5617759469969599,NA,NA,60,NRG,ES,time_48
2014-08-01,110.59,110.01716146864136,0.5728385313586415,NA,NA,60,NRG,ES,time_48
2014-09-01,112.1,110.00402948649496,2.095970513505037,NA,NA,60,NRG,ES,time_48
2014-10-01,110,108.38529425690305,1.6147057430969483,NA,NA,60,NRG,ES,time_48
2014-11-01,106.86,106.23431674671454,0.6256832532854588,NA,NA,60,NRG,ES,time_48
2014-12-01,101.78,101.46754269652625,0.31245730347374945,NA,NA,60,NRG,ES,time_48
2015-01-01,98.46,97.41447417081548,1.0455258291845126,NA,NA,60,NRG,ES,time_48
2015-02-01,99.84,99.95157538369769,-0.1115753836976836,NA,NA,60,NRG,ES,time_48
2015-03-01,102.52,102.75527661874492,-0.23527661874491912,NA,NA,60,NRG,ES,time_48
2015-04-01,103.07,102.47220368907941,0.5977963109205859,NA,NA,60,NRG,ES,time_48
2015-05-01,104.13,104.34157227538067,-0.21157227538067502,NA,NA,60,NRG,ES,time_48
2015-06-01,104.87,104.36429166663311,0.505708333366897,NA,NA,60,NRG,ES,time_48
2015-07-01,104.29,103.08971599264868,1.2002840073513283,NA,NA,60,NRG,ES,time_48
2015-08-01,99.85,100.32047377541986,-0.4704737754198618,NA,NA,60,NRG,ES,time_48
2015-09-01,96.85,97.82146055517467,-0.9714605551746729,NA,NA,60,NRG,ES,time_48
2015-10-01,95.63,96.6036277275032,-0.9736277275031995,NA,NA,60,NRG,ES,time_48
2015-11-01,96.27,96.60164468145271,-0.3316446814527154,NA,NA,60,NRG,ES,time_48
2015-12-01,94.22,94.2645706072221,-0.0445706072220986,NA,NA,60,NRG,ES,time_48
2016-01-01,88.35,90.66496721369629,-2.314967213696292,NA,NA,60,NRG,ES,time_48
2016-02-01,85.8,88.8984056442097,-3.0984056442097057,NA,NA,60,NRG,ES,time_48
2016-03-01,87.37,89.83155404097478,-2.461554040974775,NA,NA,60,NRG,ES,time_48
2016-04-01,87.53,89.74552365762804,-2.21552365762804,NA,NA,60,NRG,ES,time_48
2016-05-01,89.53,92.12881341251223,-2.5988134125122286,NA,NA,60,NRG,ES,time_48
2016-06-01,92.66,94.28320274281961,-1.6232027428196147,NA,NA,60,NRG,ES,time_48
2016-07-01,91.76,93.21396980526043,-1.453969805260428,NA,NA,60,NRG,ES,time_48
2016-08-01,90.83,91.35830832176433,-0.5283083217643281,NA,NA,60,NRG,ES,time_48
2016-09-01,92.16,92.79141764088132,-0.6314176408813239,NA,NA,60,NRG,ES,time_48
2016-10-01,95.71,94.98146888649956,0.7285311135004378,NA,NA,60,NRG,ES,time_48
2016-11-01,95.75,94.62304053852651,1.12695946147349,NA,NA,60,NRG,ES,time_48
2016-12-01,99.22,97.32985067012521,1.890149329874788,NA,NA,60,NRG,ES,time_48
2017-01-01,103.76,99.58515926362593,4.17484073637408,NA,NA,60,NRG,ES,time_48
2017-02-01,100.18,99.82892978316276,0.35107021683724327,NA,NA,60,NRG,ES,time_48
2017-03-01,97.59,99.2642041512046,-1.6742041512045915,NA,NA,60,NRG,ES,time_48
2017-04-01,98.06,98.83031468793908,-0.7703146879390772,NA,NA,60,NRG,ES,time_48
2017-05-01,96.97,96.9043062701962,0.0656937298037974,NA,NA,60,NRG,ES,time_48
2017-06-01,96.1,96.00115708250297,0.09884291749702356,NA,NA,60,NRG,ES,time_48
2017-07-01,95.56,95.08632905291036,0.4736709470896443,NA,NA,60,NRG,ES,time_48
2017-08-01,96.53,96.16030838246218,0.36969161753782487,NA,NA,60,NRG,ES,time_48
2017-09-01,97.47,97.4098581443198,0.06014185568020025,NA,NA,60,NRG,ES,time_48
2017-10-01,99.4,98.30828080854289,1.0917191914571163,NA,NA,60,NRG,ES,time_48
2017-11-01,101.44,100.37472926334394,1.0652707366560605,NA,NA,60,NRG,ES,time_48
2017-12-01,101.76,100.56102787060007,1.1989721293999338,NA,NA,60,NRG,ES,time_48
2018-01-01,102.04,102.01295555197426,0.027044448025748125,NA,NA,60,NRG,ES,time_48
2018-02-01,101.53,101.11410986227646,0.41589013772353667,NA,NA,60,NRG,ES,time_48
2018-03-01,98.9,100.53847861478263,-1.6384786147826276,NA,NA,60,NRG,ES,time_48
2018-04-01,100.35,102.06879268295137,-1.7187926829513742,NA,NA,60,NRG,ES,time_48
2018-05-01,104.56,104.72326402615653,-0.1632640261565257,NA,NA,60,NRG,ES,time_48
2018-06-01,105.6,106.49823529276352,-0.8982352927635304,1.87,-3.499999999999999,60,NRG,ES,time_48
2018-07-01,106.29,106.7721339307242,-0.48213393072418853,2.410000000000001,-3.1799999999999997,60,NRG,ES,time_48
2018-08-01,107.25,107.04623575244207,0.20376424755792755,3.29,-2.6399999999999997,60,NRG,ES,time_48
2018-09-01,109.15,108.21756185176064,0.9324381482393704,4.3900000000000015,-2.1399999999999997,60,NRG,ES,time_48
2018-10-01,110.04,111.46282866860426,-1.4228286686042537,2.38,-4.83,60,NRG,ES,time_48
2018-11-01,107.93,110.23530594009574,-2.305305940095735,2.3600000000000003,-6.319999999999999,60,NRG,ES,time_48
2018-12-01,103.84,105.25263599904612,-1.4126359990461168,2.9000000000000012,-5.14,60,NRG,ES,time_48
2019-01-01,102.79,103.70014218466127,-0.9101421846612681,3.000000000000001,-4.26,60,NRG,ES,time_48
2019-02-01,103.43,105.13064712853291,-1.700647128532907,2.2800000000000002,-5.1499999999999995,60,NRG,ES,time_48
2019-03-01,103.67,106.94272186639131,-3.272721866391308,0.45999999999999996,-6.529999999999999,60,NRG,ES,time_48
2019-04-01,104.97,107.38785276473078,-2.4178527647307817,0.3799999999999999,-5.01,60,NRG,ES,time_48
2019-05-01,105.06,108.68401796606734,-3.624017966067342,-0.669999999999999,-6.319999999999999,60,NRG,ES,time_48
2019-06-01,102.11,105.75953524965871,-3.6495352496587117,-1.0699999999999994,-6.09,60,NRG,ES,time_48
2019-07-01,102.97,105.46905523103518,-2.499055231035186,-0.02999999999999936,-4.869999999999999,60,NRG,ES,time_48
2019-08-01,101.66,105.46153806489338,-3.8015380648933785,-1.4099999999999993,-6.14,60,NRG,ES,time_48
2019-09-01,101.23,105.96834713371317,-4.738347133713162,-2.3499999999999996,-7.069999999999999,60,NRG,ES,time_48
2019-10-01,102.14,106.23992294434228,-4.099922944342282,-1.5699999999999994,-6.489999999999999,60,NRG,ES,time_48
2019-11-01,101.6,105.97135614489102,-4.371356144891024,-1.8299999999999992,-6.77,60,NRG,ES,time_48
2019-12-01,100.9,106.12186103288629,-5.221861032886281,-2.76,-7.59,60,NRG,ES,time_48
2020-01-01,102.73,108.0422096953821,-5.312209695382094,-2.8,-7.699999999999999,60,NRG,ES,time_48
2013-06-01,100.55,100.14712720130117,0.402872798698823,NA,NA,60,xNRG,ES,time_48
2013-07-01,98.99,98.47051253806917,0.5194874619308223,NA,NA,60,xNRG,ES,time_48
2013-08-01,99.11,98.47518395812827,0.6348160418717299,NA,NA,60,xNRG,ES,time_48
2013-09-01,99.91,99.63702467373247,0.2729753262675274,NA,NA,60,xNRG,ES,time_48
2013-10-01,100.05,99.61544126700254,0.4345587329974592,NA,NA,60,xNRG,ES,time_48
2013-11-01,100.17,99.49331073682106,0.6766892631789432,NA,NA,60,xNRG,ES,time_48
2013-12-01,100.09,99.31570959138602,0.7742904086139788,NA,NA,60,xNRG,ES,time_48
2014-01-01,97.99,98.02436124887814,-0.03436124887814174,NA,NA,60,xNRG,ES,time_48
2014-02-01,97.84,97.83608869291467,0.003911307085331828,NA,NA,60,xNRG,ES,time_48
2014-03-01,99.66,99.37857673874124,0.2814232612587517,NA,NA,60,xNRG,ES,time_48
2014-04-01,100.34,99.91912601949741,0.4208739805025914,NA,NA,60,xNRG,ES,time_48
2014-05-01,100.28,100.0958238138345,0.18417618616550158,NA,NA,60,xNRG,ES,time_48
2014-06-01,100.22,100.16835841259082,0.051641587409179124,NA,NA,60,xNRG,ES,time_48
2014-07-01,98.54,98.5871461961743,-0.04714619617429605,NA,NA,60,xNRG,ES,time_48
2014-08-01,98.65,98.57498757910514,0.07501242089486482,NA,NA,60,xNRG,ES,time_48
2014-09-01,99.61,99.81045202705721,-0.2004520270572101,NA,NA,60,xNRG,ES,time_48
2014-10-01,99.96,99.94750395020355,0.012496049796439479,NA,NA,60,xNRG,ES,time_48
2014-11-01,100.09,99.87213197445112,0.2178680255488814,NA,NA,60,xNRG,ES,time_48
2014-12-01,99.98,99.83467085053998,0.14532914946002506,NA,NA,60,xNRG,ES,time_48
2015-01-01,97.98,98.41529185136491,-0.43529185136490867,NA,NA,60,xNRG,ES,time_48
2015-02-01,97.95,98.55429729685011,-0.6042972968501061,NA,NA,60,xNRG,ES,time_48
2015-03-01,99.83,99.89276869369543,-0.06276869369543192,NA,NA,60,xNRG,ES,time_48
2015-04-01,100.52,100.40288613322437,0.1171138667756253,NA,NA,60,xNRG,ES,time_48
2015-05-01,100.87,100.63959968469788,0.2304003153021199,NA,NA,60,xNRG,ES,time_48
2015-06-01,100.99,100.68137385720541,0.30862614279458,NA,NA,60,xNRG,ES,time_48
2015-07-01,99.29,99.32816443252912,-0.03816443252911483,NA,NA,60,xNRG,ES,time_48
2015-08-01,99.45,99.304375415294,0.14562458470599893,NA,NA,60,xNRG,ES,time_48
2015-09-01,100.33,100.58426675388952,-0.25426675388952447,NA,NA,60,xNRG,ES,time_48
2015-10-01,100.85,100.87941602897826,-0.02941602897826101,NA,NA,60,xNRG,ES,time_48
2015-11-01,101.05,100.7183973985911,0.3316026014089033,NA,NA,60,xNRG,ES,time_48
2015-12-01,100.9,100.55295756617706,0.3470424338229492,NA,NA,60,xNRG,ES,time_48
2016-01-01,98.93,99.12524458424673,-0.19524458424672275,NA,NA,60,xNRG,ES,time_48
2016-02-01,98.81,99.01872151812259,-0.2087215181225872,NA,NA,60,xNRG,ES,time_48
2016-03-01,100.81,100.62356424431522,0.18643575568478354,NA,NA,60,xNRG,ES,time_48
2016-04-01,101.35,101.08516574294788,0.26483425705211516,NA,NA,60,xNRG,ES,time_48
2016-05-01,101.66,101.43031363482828,0.22968636517171603,NA,NA,60,xNRG,ES,time_48
2016-06-01,101.7,101.52769690709285,0.17230309290715695,NA,NA,60,xNRG,ES,time_48
2016-07-01,100.29,100.12171523559574,0.16828476440426243,NA,NA,60,xNRG,ES,time_48
2016-08-01,100.38,100.14341031493194,0.23658968506805422,NA,NA,60,xNRG,ES,time_48
2016-09-01,101.01,101.21790968814261,-0.2079096881426068,NA,NA,60,xNRG,ES,time_48
2016-10-01,101.4,101.45853525313305,-0.05853525313304431,NA,NA,60,xNRG,ES,time_48
2016-11-01,101.67,101.36597375974739,0.30402624025261105,NA,NA,60,xNRG,ES,time_48
2016-12-01,101.8,101.50436637568177,0.2956336243182278,NA,NA,60,xNRG,ES,time_48
2017-01-01,100.11,100.12764921834679,-0.017649218346790008,NA,NA,60,xNRG,ES,time_48
2017-02-01,100.18,100.55954064911057,-0.3795406491105666,NA,NA,60,xNRG,ES,time_48
2017-03-01,101.77,101.76589552606201,0.004104473937985631,NA,NA,60,xNRG,ES,time_48
2017-04-01,102.75,102.44075125545184,0.30924874454815665,NA,NA,60,xNRG,ES,time_48
2017-05-01,102.83,102.64114337236448,0.18885662763551636,NA,NA,60,xNRG,ES,time_48
2017-06-01,103.01,102.69782025127445,0.3121797487255549,NA,NA,60,xNRG,ES,time_48
2017-07-01,101.68,101.41949624606609,0.2605037539339179,NA,NA,60,xNRG,ES,time_48
2017-08-01,101.75,101.4770407665819,0.27295923341810635,NA,NA,60,xNRG,ES,time_48
2017-09-01,102.33,102.64750622718506,-0.3175062271850635,NA,NA,60,xNRG,ES,time_48
2017-10-01,102.8,102.64947410703238,0.15052589296762164,NA,NA,60,xNRG,ES,time_48
2017-11-01,102.92,102.59831921561634,0.3216807843836591,NA,NA,60,xNRG,ES,time_48
2017-12-01,102.88,102.71605641606281,0.16394358393718278,NA,NA,60,xNRG,ES,time_48
2018-01-01,101.14,101.38280898733986,-0.24280898733985623,NA,NA,60,xNRG,ES,time_48
2018-02-01,101.37,101.36287017574752,0.007129824252487538,NA,NA,60,xNRG,ES,time_48
2018-03-01,103.07,102.88421978111356,0.18578021888643548,NA,NA,60,xNRG,ES,time_48
2018-04-01,103.76,103.56084405531686,0.19915594468314168,NA,NA,60,xNRG,ES,time_48
2018-05-01,104.31,104.03937746735158,0.2706225326484173,NA,NA,60,xNRG,ES,time_48
2018-06-01,104.45,104.06261659703463,0.38738340296536933,0.901325673152781,-0.08867432684721899,60,xNRG,ES,time_48
2018-07-01,102.95,102.75696843196039,0.19303156803961485,0.691325673152781,-0.328674326847219,60,xNRG,ES,time_48
2018-08-01,103,102.6168180522873,0.38318194771269987,0.9113256731527812,-0.2286743268472189,60,xNRG,ES,time_48
2018-09-01,103.49,103.77315401840313,-0.28315401840313825,0.23132567315278108,-0.818674326847219,60,xNRG,ES,time_48
2018-10-01,104.18,103.83056166680691,0.3494383331930919,0.861325673152781,-0.18867432684721885,60,xNRG,ES,time_48
2018-11-01,104.16,103.66854400346494,0.491455996535052,0.9813256731527811,0.011325673152781102,60,xNRG,ES,time_48
2018-12-01,104.1,103.62890107860375,0.47109892139624776,0.941325673152781,-0.018674326847218925,60,xNRG,ES,time_48
2019-01-01,102.16,102.41458409777827,-0.2545840977782774,0.24132567315278086,-0.798674326847219,60,xNRG,ES,time_48
2019-02-01,102.32,102.48489139466989,-0.164891394669894,0.41132567315278123,-0.7886743268472189,60,xNRG,ES,time_48
2019-03-01,103.91,103.9514829966836,-0.04148299668359812,0.43132567315278125,-0.548674326847219,60,xNRG,ES,time_48
2019-04-01,105.04,104.81264113898334,0.22735886101666836,0.7013256731527813,-0.2686743268472189,60,xNRG,ES,time_48
2019-05-01,105.31,105.09677067892994,0.21322932107005954,0.7013256731527813,-0.29867432684721895,60,xNRG,ES,time_48
2019-06-01,105.55,105.39765071891199,0.15234928108800716,0.6613256731527812,-0.368674326847219,60,xNRG,ES,time_48
2019-07-01,104.09,104.22850757351841,-0.13850757351841025,0.43132567315278125,-0.7586743268472189,60,xNRG,ES,time_48
2019-08-01,104.13,104.3245355218043,-0.19453552180429767,0.421325673152781,-0.848674326847219,60,xNRG,ES,time_48
2019-09-01,104.66,105.25535936340876,-0.59535936340876106,-0.07867432684721898,-1.158674326847219,60,xNRG,ES,time_48
2019-10-01,105.31,105.25455259549896,0.05544740450103802,0.5613256731527811,-0.4886743268472189,60,xNRG,ES,time_48
2019-11-01,105.43,105.16463488503625,0.2653651149637568,0.7813256731527809,-0.29867432684721895,60,xNRG,ES,time_48
2019-12-01,105.37,105.20893575047492,0.16106424952508291,0.691325673152781,-0.43867432684721885,60,xNRG,ES,time_48
2020-01-01,103.47,103.86396435055983,-0.3939643505598269,0.29132567315278113,-1.1286743268472188,60,xNRG,ES,time_48
2013-06-01,101.44,101.4758503655768,-0.0358503655768061,NA,NA,60,CP00,ES,time_48
2013-07-01,100.27,100.04753271137437,0.22246728862562293,NA,NA,60,CP00,ES,time_48
2013-08-01,100.52,100.19508501039857,0.3249149896014245,NA,NA,60,CP00,ES,time_48
2013-09-01,101.29,101.34028458662675,-0.050284586626744954,NA,NA,60,CP00,ES,time_48
2013-10-01,101.32,101.09641402344357,0.22358597655642143,NA,NA,60,CP00,ES,time_48
2013-11-01,101.33,100.81383102962977,0.5161689703702308,NA,NA,60,CP00,ES,time_48
2013-12-01,101.35,100.79839881350799,0.5516011864920074,NA,NA,60,CP00,ES,time_48
2014-01-01,99.48,99.75439222836064,-0.2743922283606395,NA,NA,60,CP00,ES,time_48
2014-02-01,99.35,99.58591501756345,-0.23591501756345679,NA,NA,60,CP00,ES,time_48
2014-03-01,100.92,100.8249835542578,0.09501644574220336,NA,NA,60,CP00,ES,time_48
2014-04-01,101.56,101.18506234850653,0.37493765149346814,NA,NA,60,CP00,ES,time_48
2014-05-01,101.53,101.25667768521453,0.2733223147854744,NA,NA,60,CP00,ES,time_48
2014-06-01,101.47,101.359233282907,0.11076671709300001,NA,NA,60,CP00,ES,time_48
2014-07-01,99.92,100.0714335664753,-0.15143356647530481,NA,NA,60,CP00,ES,time_48
2014-08-01,100.01,99.97139127954233,0.03860872045767394,NA,NA,60,CP00,ES,time_48
2014-09-01,101.03,100.94499203595333,0.08500796404666744,NA,NA,60,CP00,ES,time_48
2014-10-01,101.1,101.02002315070165,0.07997684929834747,NA,NA,60,CP00,ES,time_48
2014-11-01,100.86,100.71607082282958,0.14392917717042053,NA,NA,60,CP00,ES,time_48
2014-12-01,100.2,100.29325848773017,-0.09325848773016787,NA,NA,60,CP00,ES,time_48
2015-01-01,98.04,98.52899768083145,-0.4889976808314458,NA,NA,60,CP00,ES,time_48
2015-02-01,98.18,98.73085060283395,-0.5508506028339468,NA,NA,60,CP00,ES,time_48
2015-03-01,100.15,100.1368954204585,0.01310457954150479,NA,NA,60,CP00,ES,time_48
2015-04-01,100.83,100.52238008873267,0.3076199112673237,NA,NA,60,CP00,ES,time_48
2015-05-01,101.27,100.92500990744293,0.3449900925570688,NA,NA,60,CP00,ES,time_48
2015-06-01,101.46,100.98509762403324,0.47490237596674945,NA,NA,60,CP00,ES,time_48
2015-07-01,99.9,99.81227102756932,0.087728972430682,NA,NA,60,CP00,ES,time_48
2015-08-01,99.5,99.41847506705628,0.0815249329437222,NA,NA,60,CP00,ES,time_48
2015-09-01,99.9,100.22796056457432,-0.3279605645743118,NA,NA,60,CP00,ES,time_48
2015-10-01,100.21,100.42849060521297,-0.21849060521297758,NA,NA,60,CP00,ES,time_48
2015-11-01,100.47,100.22896561036596,0.2410343896340379,NA,NA,60,CP00,ES,time_48
2015-12-01,100.09,100.01876318768953,0.07123681231047385,NA,NA,60,CP00,ES,time_48
2016-01-01,97.63,98.52556393553606,-0.8955639355360603,NA,NA,60,CP00,ES,time_48
2016-02-01,97.21,98.38172614182213,-1.171726141822134,NA,NA,60,CP00,ES,time_48
2016-03-01,99.16,99.64166610761882,-0.4816661076188211,NA,NA,60,CP00,ES,time_48
2016-04-01,99.65,100.06184410092901,-0.41184410092900237,NA,NA,60,CP00,ES,time_48
2016-05-01,100.17,100.40192694151256,-0.23192694151255466,NA,NA,60,CP00,ES,time_48
2016-06-01,100.59,100.70053745533055,-0.11053745533054382,NA,NA,60,CP00,ES,time_48
2016-07-01,99.25,99.44442433007222,-0.19442433007222348,NA,NA,60,CP00,ES,time_48
2016-08-01,99.21,99.34494126874971,-0.13494126874971357,NA,NA,60,CP00,ES,time_48
2016-09-01,99.93,100.33614307178017,-0.4061430717801642,NA,NA,60,CP00,ES,time_48
2016-10-01,100.71,100.6771127718199,0.032887228180086936,NA,NA,60,CP00,ES,time_48
2016-11-01,100.95,100.62670769260474,0.3232923073952634,NA,NA,60,CP00,ES,time_48
2016-12-01,101.5,100.81567694470817,0.6843230552918271,NA,NA,60,CP00,ES,time_48
2017-01-01,100.5,99.97975036721539,0.520249632784612,NA,NA,60,CP00,ES,time_48
2017-02-01,100.16,100.3970832298895,-0.2370832298895067,NA,NA,60,CP00,ES,time_48
2017-03-01,101.29,101.33870578253352,-0.048705782533517095,NA,NA,60,CP00,ES,time_48
2017-04-01,102.21,101.93867815496083,0.2713218450391679,NA,NA,60,CP00,ES,time_48
2017-05-01,102.16,102.027828087135,0.1321719128649903,NA,NA,60,CP00,ES,time_48
2017-06-01,102.22,102.01611024700543,0.20388975299457002,NA,NA,60,CP00,ES,time_48
2017-07-01,100.98,100.88044218409429,0.09955781590571178,NA,NA,60,CP00,ES,time_48
2017-08-01,101.15,101.01253690915394,0.13746309084606878,NA,NA,60,CP00,ES,time_48
2017-09-01,101.77,102.04779314635313,-0.2777931463531331,NA,NA,60,CP00,ES,time_48
2017-10-01,102.4,102.19589000928518,0.2041099907148265,NA,NA,60,CP00,ES,time_48
2017-11-01,102.73,102.23110048442938,0.4988995155706277,NA,NA,60,CP00,ES,time_48
2017-12-01,102.74,102.38012920496169,0.35987079503830444,NA,NA,60,CP00,ES,time_48
2018-01-01,101.22,101.51614324315611,-0.2961432431561093,NA,NA,60,CP00,ES,time_48
2018-02-01,101.37,101.59048243280718,-0.22048243280717372,NA,NA,60,CP00,ES,time_48
2018-03-01,102.59,102.68479104279135,-0.09479104279134276,NA,NA,60,CP00,ES,time_48
2018-04-01,103.36,103.25776481935824,0.10223518064175607,NA,NA,60,CP00,ES,time_48
2018-05-01,104.32,103.81231046103672,0.5076895389632767,NA,NA,60,CP00,ES,time_48
2018-06-01,104.56,104.00916588226028,0.5508341177397256,1.13,0,60,CP00,ES,time_48
2018-07-01,103.31,102.97330803166615,0.3366919683338523,0.9499999999999997,-0.2500000000000002,60,CP00,ES,time_48
2018-08-01,103.46,102.87564150204193,0.584358497958064,1.23,-0.03000000000000025,60,CP00,ES,time_48
2018-09-01,104.11,104.06493590502001,0.045064094979991864,0.6299999999999999,-0.5300000000000002,60,CP00,ES,time_48
2018-10-01,104.82,104.44884510423563,0.3711548957643629,0.96,-0.2100000000000002,60,CP00,ES,time_48
2018-11-01,104.57,104.2003501702398,0.369649829760192,0.98,-0.2100000000000002,60,CP00,ES,time_48
2018-12-01,104.05,103.8269162707209,0.2230837292790966,0.81,-0.3400000000000001,60,CP00,ES,time_48
2019-01-01,102.22,102.7523013998985,-0.5323013998985004,0.11999999999999966,-1.1600000000000001,60,CP00,ES,time_48
2019-02-01,102.43,103.01049827760727,-0.580498277607262,0.10999999999999988,-1.2100000000000002,60,CP00,ES,time_48
2019-03-01,103.86,104.34732680931677,-0.4873268093167695,0.1299999999999999,-1.07,60,CP00,ES,time_48
2019-04-01,105.02,105.02472574997181,-0.0047257499718114104,0.6399999999999997,-0.6100000000000001,60,CP00,ES,time_48
2019-05-01,105.27,105.35925582318487,-0.08925582318487102,0.5699999999999998,-0.7200000000000002,60,CP00,ES,time_48
2019-06-01,105.14,105.53129759265087,-0.39129759265087216,0.2799999999999998,-1.05,60,CP00,ES,time_48
2019-07-01,103.94,104.40179276438384,-0.4617927643838442,0.31999999999999984,-1.2200000000000002,60,CP00,ES,time_48
2019-08-01,103.83,104.43960842104589,-0.6096084210458912,0.1499999999999999,-1.31,60,CP00,ES,time_48
2019-09-01,104.24,105.2426222915542,-1.0026222915542036,-0.33000000000000007,-1.6400000000000001,60,CP00,ES,time_48
2019-10-01,104.93,105.35975833986761,-0.4297583398676039,0.22999999999999998,-1.06,60,CP00,ES,time_48
2019-11-01,104.97,105.20741915589907,-0.23741915589907592,0.41999999999999993,-0.8700000000000001,60,CP00,ES,time_48
2019-12-01,104.84,105.40820406961285,-0.5682040696128468,0.1299999999999999,-1.2300000000000002,60,CP00,ES,time_48
2020-01-01,103.38,104.41939081197515,-1.039390811975153,-0.2300000000000002,-1.81,60,CP00,ES,time_48
2015-01-01,51.767997311827955,51.33199764361038,0.4359996682175762,NA,NA,41,DAP,PT,time_48
2015-02-01,42.610014880952384,52.20192519383183,-9.591910312879449,NA,NA,41,DAP,PT,time_48
2015-03-01,43.08340277777778,48.310042053433804,-5.2266392756560265,NA,NA,41,DAP,PT,time_48
2015-04-01,45.539722222222224,45.19358943471585,0.3461327875063773,NA,NA,41,DAP,PT,time_48
2015-05-01,45.20655913978494,43.2663159107748,1.940243229010143,NA,NA,41,DAP,PT,time_48
2015-06-01,54.76125,44.642946199426234,10.118303800573763,NA,NA,41,DAP,PT,time_48
2015-07-01,59.58897849462365,56.995778572619614,2.5931999220040396,NA,NA,41,DAP,PT,time_48
2015-08-01,55.61807795698925,48.94880522170265,6.669272735286597,NA,NA,41,DAP,PT,time_48
2015-09-01,52.44652298850575,50.72481785313604,1.7217051353697101,NA,NA,41,DAP,PT,time_48
2015-10-01,49.88471774193548,48.829471363552585,1.055246378382897,NA,NA,41,DAP,PT,time_48
2015-11-01,51.480333333333334,48.987985415218546,2.4923479181147883,NA,NA,41,DAP,PT,time_48
2015-12-01,52.89247311827957,48.905926750404966,3.9865463678746025,NA,NA,41,DAP,PT,time_48
2016-01-01,36.37930107526882,42.88814051594032,-6.508839440671501,NA,NA,41,DAP,PT,time_48
2016-02-01,27.328793103448277,35.32989938226036,-8.001106278812081,NA,NA,41,DAP,PT,time_48
2016-03-01,27.684905913978493,33.789799607305824,-6.10489369332733,NA,NA,41,DAP,PT,time_48
2016-04-01,23.484236111111112,32.32785465162841,-8.843618540517294,NA,NA,41,DAP,PT,time_48
2016-05-01,24.98024193548387,35.925303049649735,-10.945061114165863,NA,NA,41,DAP,PT,time_48
2016-06-01,38.305194444444446,38.33164187283172,-0.026447428387271543,NA,NA,41,DAP,PT,time_48
2016-07-01,40.35141129032258,39.40851922128033,0.9428920690422515,NA,NA,41,DAP,PT,time_48
2016-08-01,41.125443548387096,35.05756972920516,6.0678738191819335,NA,NA,41,DAP,PT,time_48
2016-09-01,43.627125,39.325432602009606,4.301692397990394,NA,NA,41,DAP,PT,time_48
2016-10-01,52.80096774193548,48.96762884284213,3.8333388990933486,NA,NA,41,DAP,PT,time_48
2016-11-01,56.26726388888889,51.299060140837284,4.968203748051607,NA,NA,41,DAP,PT,time_48
2016-12-01,60.27356182795699,52.62873733384958,7.644824494107411,NA,NA,41,DAP,PT,time_48
2017-01-01,71.53974462365592,70.6297535515625,0.909991072093419,NA,NA,41,DAP,PT,time_48
2017-02-01,51.3499255952381,53.14626154631751,-1.7963359510794135,NA,NA,41,DAP,PT,time_48
2017-03-01,43.922836021505375,42.02926018044529,1.893575841060084,NA,NA,41,DAP,PT,time_48
2017-04-01,44.172916666666666,41.535775556953816,2.63714110971285,NA,NA,41,DAP,PT,time_48
2017-05-01,47.184448924731186,42.29706023876313,4.887388685968055,NA,NA,41,DAP,PT,time_48
2017-06-01,50.204861111111114,45.61716057526338,4.587700535847738,NA,NA,41,DAP,PT,time_48
2017-07-01,48.60206989247312,47.352239080382105,1.2498308120910124,NA,NA,41,DAP,PT,time_48
2017-08-01,47.42668010752688,49.03270869500873,-1.6060285874818518,NA,NA,41,DAP,PT,time_48
2017-09-01,49.17081944444445,47.99354900154802,1.177270442896429,NA,NA,41,DAP,PT,time_48
2017-10-01,56.98243279569893,53.250558806685824,3.7318739890131027,NA,NA,41,DAP,PT,time_48
2017-11-01,59.39319444444445,64.96471555396022,-5.571521109515771,NA,NA,41,DAP,PT,time_48
2017-12-01,59.43103494623656,54.053322958336295,5.377711987900263,NA,NA,41,DAP,PT,time_48
2018-01-01,51.67783602150538,46.5917878439109,5.086048177594478,NA,NA,41,DAP,PT,time_48
2018-02-01,54.967752976190475,48.826711090363546,6.14104188582693,NA,NA,41,DAP,PT,time_48
2018-03-01,39.72475806451613,44.90986761359578,-5.185109549079648,NA,NA,41,DAP,PT,time_48
2018-04-01,42.677,43.5024295283754,-0.8254295283754018,NA,NA,41,DAP,PT,time_48
2018-05-01,55.14565860215054,50.29112494995196,4.854533652198583,NA,NA,41,DAP,PT,time_48
2018-06-01,58.47172222222222,56.29895454553307,2.1727676766891477,11.159999999999997,-7.48,41,DAP,PT,time_48
2018-07-01,61.83915322580645,59.153156960677194,2.685996265129255,11.909999999999997,-7.350000000000001,41,DAP,PT,time_48
2018-08-01,64.3042069892473,62.67221988205957,1.631987107187733,10.439999999999998,-7.330000000000002,41,DAP,PT,time_48
2018-09-01,71.27841666666667,67.56890775784552,3.7095089088211495,13.479999999999997,-5.82,41,DAP,PT,time_48
2018-10-01,65.40532258064516,70.43841099482303,-5.033088414177868,4.479999999999997,-14.55,41,DAP,PT,time_48
2018-11-01,62.00754166666667,68.85841171270773,-6.8508700460410665,2.8200000000000003,-16.450000000000003,41,DAP,PT,time_48
2018-12-01,61.864798387096776,66.9678536531093,-5.103055266012525,3.8400000000000034,-14.719999999999999,41,DAP,PT,time_48
2019-01-01,62.66336021505376,71.01632701247858,-8.352966797424827,0.6400000000000006,-18.08,41,DAP,PT,time_48
2019-02-01,54.72604166666667,60.17838716632219,-5.452345499655522,4.590000000000003,-16.98,41,DAP,PT,time_48
2019-03-01,49.217486559139786,50.69588043905472,-1.4783938799149325,8.670000000000002,-13.120000000000001,41,DAP,PT,time_48
2019-04-01,50.651583333333335,53.834278506186756,-3.182695172853421,6.630000000000003,-14.48,41,DAP,PT,time_48
2019-05-01,48.75090053763441,54.60107555501226,-5.85017501737785,5.1199999999999974,-18.46,41,DAP,PT,time_48
2019-06-01,47.17780555555556,53.82889453475224,-6.651088979196679,5.420000000000002,-21.240000000000002,41,DAP,PT,time_48
2019-07-01,51.46362903225806,55.23327189968623,-3.7696428674281677,5.780000000000001,-14.620000000000001,41,DAP,PT,time_48
2019-08-01,44.95299731182796,56.492768507840104,-11.539771196012147,-1.3999999999999986,-23.25,41,DAP,PT,time_48
2019-09-01,42.157666666666664,56.874739944635834,-14.71707327796917,-2.969999999999999,-27.36,41,DAP,PT,time_48
2019-10-01,47.189516129032256,57.18992774942616,-10.000411620393905,-0.3500000000000014,-20.82,41,DAP,PT,time_48
2019-11-01,42.122708333333335,50.379143262306194,-8.256434928972858,0.8800000000000026,-18.16,41,DAP,PT,time_48
2019-12-01,33.67958333333333,50.26683185895095,-16.587248525617618,-6.359999999999999,-28.34,41,DAP,PT,time_48
2020-01-01,40.90326612903226,52.776826361398605,-11.873560232366344,-2.580000000000002,-22.200000000000003,41,DAP,PT,time_48
2013-06-01,106.42,106.85801136266582,-0.43801136266581864,NA,NA,60,NRG,PT,time_48
2013-07-01,107.16,107.42568108333548,-0.2656810833354797,NA,NA,60,NRG,PT,time_48
2013-08-01,107.28,107.72916190209273,-0.449161902092726,NA,NA,60,NRG,PT,time_48
2013-09-01,107.53,107.78542571075803,-0.25542571075803266,NA,NA,60,NRG,PT,time_48
2013-10-01,106.06,106.91639363813046,-0.8563936381304558,NA,NA,60,NRG,PT,time_48
2013-11-01,105.71,106.40805180486174,-0.6980518048617483,NA,NA,60,NRG,PT,time_48
2013-12-01,106.37,106.60818476039746,-0.23818476039745917,NA,NA,60,NRG,PT,time_48
2014-01-01,107.21,106.51070882810114,0.6992911718988495,NA,NA,60,NRG,PT,time_48
2014-02-01,106.89,106.67704089416071,0.212959105839289,NA,NA,60,NRG,PT,time_48
2014-03-01,106.58,106.46491458646621,0.11508541353379087,NA,NA,60,NRG,PT,time_48
2014-04-01,106.81,106.46628780829859,0.34371219170141387,NA,NA,60,NRG,PT,time_48
2014-05-01,106.74,106.324899983589,0.4151000164109888,NA,NA,60,NRG,PT,time_48
2014-06-01,106.77,106.69193431977993,0.07806568022006388,NA,NA,60,NRG,PT,time_48
2014-07-01,106.88,106.86142491818417,0.018575081815825456,NA,NA,60,NRG,PT,time_48
2014-08-01,105.95,106.24689839800553,-0.2968983980055242,NA,NA,60,NRG,PT,time_48
2014-09-01,105.95,106.03446740143585,-0.08446740143584464,NA,NA,60,NRG,PT,time_48
2014-10-01,104.54,104.9633272129927,-0.42332721299268883,NA,NA,60,NRG,PT,time_48
2014-11-01,102.87,103.55087706038486,-0.6808770603848586,NA,NA,60,NRG,PT,time_48
2014-12-01,98.97,100.31183313614987,-1.341833136149873,NA,NA,60,NRG,PT,time_48
2015-01-01,96.8,98.48922350313453,-1.689223503134528,NA,NA,60,NRG,PT,time_48
2015-02-01,99.09,99.89506525226146,-0.805065252261457,NA,NA,60,NRG,PT,time_48
2015-03-01,101.1,101.44112983520844,-0.34112983520844864,NA,NA,60,NRG,PT,time_48
2015-04-01,101.89,101.78498700406423,0.10501299593576618,NA,NA,60,NRG,PT,time_48
2015-05-01,103.7,102.64090153896234,1.0590984610376637,NA,NA,60,NRG,PT,time_48
2015-06-01,103.89,102.86898053386693,1.021019466133069,NA,NA,60,NRG,PT,time_48
2015-07-01,103.13,102.35621475989888,0.7737852401011196,NA,NA,60,NRG,PT,time_48
2015-08-01,100.67,100.34091194376396,0.32908805623604565,NA,NA,60,NRG,PT,time_48
2015-09-01,98.32,98.5384115761478,-0.21841157614780116,NA,NA,60,NRG,PT,time_48
2015-10-01,97.79,97.57431176113607,0.21568823886393318,NA,NA,60,NRG,PT,time_48
2015-11-01,97.73,97.56951978639292,0.1604802136070873,NA,NA,60,NRG,PT,time_48
2015-12-01,95.89,96.50597519756748,-0.6159751975674794,NA,NA,60,NRG,PT,time_48
2016-01-01,95.39,95.15294090071782,0.2370590992821775,NA,NA,60,NRG,PT,time_48
2016-02-01,92.35,93.79496710522727,-1.4449671052272777,NA,NA,60,NRG,PT,time_48
2016-03-01,94.75,94.47228175173612,0.2777182482638807,NA,NA,60,NRG,PT,time_48
2016-04-01,95.92,95.12230269641313,0.7976973035868724,NA,NA,60,NRG,PT,time_48
2016-05-01,96.42,95.80101359086281,0.618986409137193,NA,NA,60,NRG,PT,time_48
2016-06-01,97.96,96.78346588239884,1.1765341176011503,NA,NA,60,NRG,PT,time_48
2016-07-01,96.23,95.43307288104997,0.7969271189500375,NA,NA,60,NRG,PT,time_48
2016-08-01,95.52,94.7079724334344,0.8120275665655896,NA,NA,60,NRG,PT,time_48
2016-09-01,95.28,95.25545063514123,0.024549364858771128,NA,NA,60,NRG,PT,time_48
2016-10-01,96.58,96.89874819043173,-0.31874819043173375,NA,NA,60,NRG,PT,time_48
2016-11-01,96.14,96.74244253999106,-0.6024425399910598,NA,NA,60,NRG,PT,time_48
2016-12-01,97.61,98.45803313742958,-0.8480331374295815,NA,NA,60,NRG,PT,time_48
2017-01-01,100.39,99.6880755806789,0.7019244193211023,NA,NA,60,NRG,PT,time_48
2017-02-01,100.37,100.08266829553483,0.2873317044651742,NA,NA,60,NRG,PT,time_48
2017-03-01,99.9,99.480150868232,0.41984913176800376,NA,NA,60,NRG,PT,time_48
2017-04-01,99.86,99.47176229970202,0.388237700297978,NA,NA,60,NRG,PT,time_48
2017-05-01,98.64,98.5824756047644,0.057524395235603265,NA,NA,60,NRG,PT,time_48
2017-06-01,97.75,97.64032322973729,0.10967677026270906,NA,NA,60,NRG,PT,time_48
2017-07-01,97.2,97.52223799612025,-0.3222379961202506,NA,NA,60,NRG,PT,time_48
2017-08-01,97.86,97.71968316608643,0.1403168339135732,NA,NA,60,NRG,PT,time_48
2017-09-01,98.76,98.71937341928438,0.04062658071562453,NA,NA,60,NRG,PT,time_48
2017-10-01,99.28,99.39118244316231,-0.1111824431623063,NA,NA,60,NRG,PT,time_48
2017-11-01,100.48,100.82696646695193,-0.3469664669519261,NA,NA,60,NRG,PT,time_48
2017-12-01,100.68,100.73892896503021,-0.05892896503020495,NA,NA,60,NRG,PT,time_48
2018-01-01,102.47,102.22002379171984,0.24997620828015954,NA,NA,60,NRG,PT,time_48
2018-02-01,101.71,101.87641921506506,-0.16641921506506208,NA,NA,60,NRG,PT,time_48
2018-03-01,100.92,101.86285528975694,-0.9428552897569347,NA,NA,60,NRG,PT,time_48
2018-04-01,102.18,103.1342871559908,-0.9542871559907979,NA,NA,60,NRG,PT,time_48
2018-05-01,104.27,104.74061799800741,-0.47061799800741255,NA,NA,60,NRG,PT,time_48
2018-06-01,105,105.81219095101744,-0.8121909510174419,0.41999999999999993,-2.0700000000000003,60,NRG,PT,time_48
2018-07-01,104.71,105.34162335507845,-0.6316233550784602,0.6799999999999997,-1.9500000000000002,60,NRG,PT,time_48
2018-08-01,105.08,105.79682123841691,-0.7168212384169124,0.629999999999999,-2.0200000000000005,60,NRG,PT,time_48
2018-09-01,105.59,106.47466923488437,-0.8846692348843703,0.6500000000000004,-2.62,60,NRG,PT,time_48
2018-10-01,106.45,108.31331716141086,-1.863317161410862,-0.3600000000000003,-3.54,60,NRG,PT,time_48
2018-11-01,105.15,107.17327166679489,-2.0232716667948836,0.09999999999999964,-4.73,60,NRG,PT,time_48
2018-12-01,101.97,104.21510304487684,-2.245103044876842,-0.5300000000000002,-4.2700000000000005,60,NRG,PT,time_48
2019-01-01,100.09,104.45483799344983,-4.364837993449825,-2.42,-5.95,60,NRG,PT,time_48
2019-02-01,100.92,105.39506466074364,-4.475064660743641,-2.7800000000000002,-5.86,60,NRG,PT,time_48
2019-03-01,102.22,106.62001834523001,-4.400018345230009,-2.3200000000000003,-5.95,60,NRG,PT,time_48
2019-04-01,103.27,108.3973062900704,-5.127306290070408,-3.0600000000000005,-6.7,60,NRG,PT,time_48
2019-05-01,104.33,108.8200543541282,-4.490054354128205,-2.2,-6.460000000000001,60,NRG,PT,time_48
2019-06-01,102.3,107.46063599725262,-5.160635997252626,-2.8500000000000005,-7.33,60,NRG,PT,time_48
2019-07-01,102.24,106.64442951860065,-4.404429518600651,-2.16,-6.59,60,NRG,PT,time_48
2019-08-01,101.82,106.63434970143096,-4.81434970143097,-2.6500000000000004,-6.9,60,NRG,PT,time_48
2019-09-01,101.99,106.8567865119125,-4.866786511912508,-2.5,-7.040000000000001,60,NRG,PT,time_48
2019-10-01,102.12,107.13778524712902,-5.017785247129012,-2.5900000000000007,-7.050000000000001,60,NRG,PT,time_48
2019-11-01,102.18,107.1194275662841,-4.939427566284095,-2.6400000000000006,-6.92,60,NRG,PT,time_48
2019-12-01,102.47,107.49829890621933,-5.028298906219334,-2.9400000000000004,-6.8500000000000005,60,NRG,PT,time_48
2020-01-01,103.96,107.87893404479222,-3.9189340447922234,-1.8500000000000005,-5.98,60,NRG,PT,time_48
2013-06-01,100.1,99.48666096119359,0.6133390388064015,NA,NA,60,xNRG,PT,time_48
2013-07-01,99.83,98.74018476458545,1.089815235414548,NA,NA,60,xNRG,PT,time_48
2013-08-01,99.08,98.55854163386407,0.5214583661359313,NA,NA,60,xNRG,PT,time_48
2013-09-01,99.6,99.16605302977933,0.43394697022066,NA,NA,60,xNRG,PT,time_48
2013-10-01,99.59,99.03250666206736,0.557493337932641,NA,NA,60,xNRG,PT,time_48
2013-11-01,99.28,98.76213499122679,0.5178650087732137,NA,NA,60,xNRG,PT,time_48
2013-12-01,99.6,98.9089932708488,0.6910067291511979,NA,NA,60,xNRG,PT,time_48
2014-01-01,97.93,97.79186097956196,0.1381390204380466,NA,NA,60,xNRG,PT,time_48
2014-02-01,97.68,97.76740155385988,-0.08740155385987691,NA,NA,60,xNRG,PT,time_48
2014-03-01,99.18,99.26158093830212,-0.08158093830211044,NA,NA,60,xNRG,PT,time_48
2014-04-01,99.53,99.766055116384,-0.23605511638399435,NA,NA,60,xNRG,PT,time_48
2014-05-01,99.62,99.83609059792403,-0.21609059792402263,NA,NA,60,xNRG,PT,time_48
2014-06-01,99.7,100.0080468788807,-0.3080468788807025,NA,NA,60,xNRG,PT,time_48
2014-07-01,99.03,98.77100229857858,0.2589977014214213,NA,NA,60,xNRG,PT,time_48
2014-08-01,99.02,98.69271215669336,0.3272878433066353,NA,NA,60,xNRG,PT,time_48
2014-09-01,99.59,99.59829997361254,-0.008299973612537315,NA,NA,60,xNRG,PT,time_48
2014-10-01,99.74,99.7068242328582,0.03317576714179893,NA,NA,60,xNRG,PT,time_48
2014-11-01,99.49,99.23153961151978,0.25846038848021635,NA,NA,60,xNRG,PT,time_48
2014-12-01,99.8,99.50255651249843,0.29744348750156746,NA,NA,60,xNRG,PT,time_48
2015-01-01,98.21,98.16157435729438,0.04842564270560956,NA,NA,60,xNRG,PT,time_48
2015-02-01,98.02,98.45916066310751,-0.4391606631075149,NA,NA,60,xNRG,PT,time_48
2015-03-01,99.9,99.81235840544495,0.08764159455505194,NA,NA,60,xNRG,PT,time_48
2015-04-01,100.26,100.4430702761027,-0.183070276102697,NA,NA,60,xNRG,PT,time_48
2015-05-01,100.68,100.6116975519303,0.06830244806970143,NA,NA,60,xNRG,PT,time_48
2015-06-01,100.54,100.88410561807532,-0.3441056180753179,NA,NA,60,xNRG,PT,time_48
2015-07-01,99.88,99.73900797023485,0.1409920297651439,NA,NA,60,xNRG,PT,time_48
2015-08-01,99.98,99.68559976372336,0.294400236276644,NA,NA,60,xNRG,PT,time_48
2015-09-01,101.01,100.51337596558187,0.49662403441813296,NA,NA,60,xNRG,PT,time_48
2015-10-01,100.88,100.89395824556995,-0.01395824556995251,NA,NA,60,xNRG,PT,time_48
2015-11-01,100.41,100.44474000229245,-0.03474000229245178,NA,NA,60,xNRG,PT,time_48
2015-12-01,100.22,100.3016833924092,-0.08168339240920375,NA,NA,60,xNRG,PT,time_48
2016-01-01,99.09,99.1306870174347,-0.04068701743469205,NA,NA,60,xNRG,PT,time_48
2016-02-01,98.57,99.23452361554993,-0.664523615549939,NA,NA,60,xNRG,PT,time_48
2016-03-01,100.75,100.742504375825,0.007495624174993054,NA,NA,60,xNRG,PT,time_48
2016-04-01,101.03,101.07277554413852,-0.04277554413852158,NA,NA,60,xNRG,PT,time_48
2016-05-01,101.42,101.3855645756571,0.034435424342902365,NA,NA,60,xNRG,PT,time_48
2016-06-01,101.51,101.42093686048808,0.08906313951192146,NA,NA,60,xNRG,PT,time_48
2016-07-01,101.76,100.55498758930267,1.2050124106973357,NA,NA,60,xNRG,PT,time_48
2016-08-01,101.78,100.60750188861783,1.1724981113821684,NA,NA,60,xNRG,PT,time_48
2016-09-01,102.53,101.56620235969885,0.9637976403011521,NA,NA,60,xNRG,PT,time_48
2016-10-01,102.62,101.27799517759316,1.3420048224068495,NA,NA,60,xNRG,PT,time_48
2016-11-01,101.6,101.10723781478048,0.49276218521951876,NA,NA,60,xNRG,PT,time_48
2016-12-01,101.49,101.38887190200114,0.1011280979988527,NA,NA,60,xNRG,PT,time_48
2017-01-01,100.43,100.32189241899796,0.1081075810020451,NA,NA,60,xNRG,PT,time_48
2017-02-01,100.14,100.89033090780289,-0.7503309078028906,NA,NA,60,xNRG,PT,time_48
2017-03-01,102.39,102.24273602345569,0.14726397654430912,NA,NA,60,xNRG,PT,time_48
2017-04-01,104.03,102.95845846301498,1.0715415369850234,NA,NA,60,xNRG,PT,time_48
2017-05-01,103.85,103.18063337268049,0.6693666273195049,NA,NA,60,xNRG,PT,time_48
2017-06-01,103.32,103.30513790073594,0.014862099264050244,NA,NA,60,xNRG,PT,time_48
2017-07-01,102.67,102.51221972605323,0.15778027394676997,NA,NA,60,xNRG,PT,time_48
2017-08-01,102.86,102.68741397779768,0.17258602220232433,NA,NA,60,xNRG,PT,time_48
2017-09-01,103.91,103.52850960044466,0.38149039955533226,NA,NA,60,xNRG,PT,time_48
2017-10-01,104.4,103.29750137161871,1.1024986283812979,NA,NA,60,xNRG,PT,time_48
2017-11-01,103.07,103.1994296047146,-0.12942960471460196,NA,NA,60,xNRG,PT,time_48
2017-12-01,102.87,103.1433137809749,-0.27331378097490244,NA,NA,60,xNRG,PT,time_48
2018-01-01,101.36,101.92321138323538,-0.5632113832353838,NA,NA,60,xNRG,PT,time_48
2018-02-01,100.73,102.1032422609084,-1.3732422609083983,NA,NA,60,xNRG,PT,time_48
2018-03-01,103.18,103.39292634479526,-0.21292634479524963,NA,NA,60,xNRG,PT,time_48
2018-04-01,104.15,104.12824063195323,0.02175936804677292,NA,NA,60,xNRG,PT,time_48
2018-05-01,104.91,104.50010515175732,0.4098948482426721,NA,NA,60,xNRG,PT,time_48
2018-06-01,104.87,104.89210968111038,-0.022109681110379142,1.38,-1.1700000000000004,60,xNRG,PT,time_48
2018-07-01,104.45,104.01267432266508,0.43732567733492544,1.75,-0.7400000000000002,60,xNRG,PT,time_48
2018-08-01,103.65,104.25156637709306,-0.6015663770930502,0.8700000000000001,-1.8400000000000003,60,xNRG,PT,time_48
2018-09-01,105.32,104.99851684871297,0.3214831512870262,1.7199999999999998,-0.8400000000000003,60,xNRG,PT,time_48
2018-10-01,104.66,105.10693632830244,-0.4469363283024421,0.9099999999999993,-1.6300000000000003,60,xNRG,PT,time_48
2018-11-01,103.62,104.46465572987297,-0.8446557298729687,0.41999999999999993,-1.9800000000000004,60,xNRG,PT,time_48
2018-12-01,103.45,104.50217998853955,-1.0521799885395495,0.22999999999999954,-2.2,60,xNRG,PT,time_48
2019-01-01,102.21,103.24865681956963,-1.0386568195696384,0.3899999999999997,-2.2100000000000004,60,xNRG,PT,time_48
2019-02-01,101.83,103.21068726935171,-1.3806872693517107,-0.05000000000000071,-2.6700000000000004,60,xNRG,PT,time_48
2019-03-01,103.98,104.62355231586095,-0.6435523158609442,0.6399999999999997,-1.7700000000000005,60,xNRG,PT,time_48
2019-04-01,105.06,105.7884179857455,-0.7284179857454944,0.5999999999999996,-1.9000000000000004,60,xNRG,PT,time_48
2019-05-01,105.27,105.9653281916335,-0.6953281916335072,0.7699999999999996,-1.8800000000000003,60,xNRG,PT,time_48
2019-06-01,105.88,106.48380031241518,-0.6038003124151885,1.0299999999999994,-1.8600000000000003,60,xNRG,PT,time_48
2019-07-01,103.96,105.63326260082755,-1.673262600827556,-0.1200000000000001,-3.0600000000000005,60,xNRG,PT,time_48
2019-08-01,103.87,105.95824145114133,-2.0882414511413288,-0.5000000000000004,-3.5100000000000007,60,xNRG,PT,time_48
2019-09-01,105.39,106.71549565297705,-1.3254956529770539,0.2999999999999998,-2.6500000000000004,60,xNRG,PT,time_48
2019-10-01,104.97,106.57350896476389,-1.6035089647638898,-0.11000000000000032,-2.9000000000000004,60,xNRG,PT,time_48
2019-11-01,104.17,106.18874713884722,-2.0187471388472176,-0.5400000000000005,-3.2700000000000005,60,xNRG,PT,time_48
2019-12-01,103.87,106.02303573848103,-2.153035738481023,-0.7700000000000005,-3.3900000000000006,60,xNRG,PT,time_48
2020-01-01,102.85,104.67298652975887,-1.8229865297588788,-0.3100000000000005,-3.4000000000000004,60,xNRG,PT,time_48
2013-06-01,100.56,100.04197639378326,0.5180236062167438,NA,NA,60,CP00,PT,time_48
2013-07-01,100.37,99.43741942647273,0.9325805735272752,NA,NA,60,CP00,PT,time_48
2013-08-01,99.68,99.36309599125144,0.3169040087485655,NA,NA,60,CP00,PT,time_48
2013-09-01,100.18,100.11846651879878,0.061533481201223594,NA,NA,60,CP00,PT,time_48
2013-10-01,100.05,99.86476782140265,0.18523217859734586,NA,NA,60,CP00,PT,time_48
2013-11-01,99.75,99.54495331614874,0.2050466838512648,NA,NA,60,CP00,PT,time_48
2013-12-01,100.09,99.67317397874315,0.41682602125685264,NA,NA,60,CP00,PT,time_48
2014-01-01,98.61,98.62050214114151,-0.010502141141515153,NA,NA,60,CP00,PT,time_48
2014-02-01,98.35,98.6640026304949,-0.3140026304949117,NA,NA,60,CP00,PT,time_48
2014-03-01,99.72,99.92967731038186,-0.20967731038186344,NA,NA,60,CP00,PT,time_48
2014-04-01,100.06,100.31930025986159,-0.25930025986158967,NA,NA,60,CP00,PT,time_48
2014-05-01,100.14,100.27835044265473,-0.13835044265472618,NA,NA,60,CP00,PT,time_48
2014-06-01,100.22,100.3116420889653,-0.09164208896530113,NA,NA,60,CP00,PT,time_48
2014-07-01,99.6,99.56730097839363,0.032699021606362066,NA,NA,60,CP00,PT,time_48
2014-08-01,99.52,99.36393633803735,0.15606366196264787,NA,NA,60,CP00,PT,time_48
2014-09-01,100.05,100.2088401672614,-0.1588401672614026,NA,NA,60,CP00,PT,time_48
2014-10-01,100.09,100.30805332131476,-0.21805332131475552,NA,NA,60,CP00,PT,time_48
2014-11-01,99.73,99.85967378897274,-0.12967378897273818,NA,NA,60,CP00,PT,time_48
2014-12-01,99.73,99.80227959505234,-0.07227959505233628,NA,NA,60,CP00,PT,time_48
2015-01-01,98.09,98.27962749134277,-0.1896274913427618,NA,NA,60,CP00,PT,time_48
2015-02-01,98.11,98.6752474698944,-0.5652474698944019,NA,NA,60,CP00,PT,time_48
2015-03-01,100,99.97216317132296,0.02783682867703874,NA,NA,60,CP00,PT,time_48
2015-04-01,100.4,100.4770383367019,-0.07703833670188942,NA,NA,60,CP00,PT,time_48
2015-05-01,100.93,100.72036118940306,0.20963881059694245,NA,NA,60,CP00,PT,time_48
2015-06-01,100.82,100.78030409977606,0.03969590022393277,NA,NA,60,CP00,PT,time_48
2015-07-01,100.15,99.93389805984432,0.2161019401556814,NA,NA,60,CP00,PT,time_48
2015-08-01,100.04,99.66028586444031,0.3797141355596949,NA,NA,60,CP00,PT,time_48
2015-09-01,100.79,100.3460078189918,0.4439921810082126,NA,NA,60,CP00,PT,time_48
2015-10-01,100.63,100.64698918283412,-0.01698918283412354,NA,NA,60,CP00,PT,time_48
2015-11-01,100.19,100.35484985100672,-0.16484985100672134,NA,NA,60,CP00,PT,time_48
2015-12-01,99.86,100.09502206075206,-0.23502206075205834,NA,NA,60,CP00,PT,time_48
2016-01-01,98.78,98.92576974833267,-0.14576974833266831,NA,NA,60,CP00,PT,time_48
2016-02-01,98.05,99.06160649150706,-1.0116064915070666,NA,NA,60,CP00,PT,time_48
2016-03-01,100.25,100.39137636525398,-0.14137636525397568,NA,NA,60,CP00,PT,time_48
2016-04-01,100.61,100.61040531931897,-4.0531931897191953e-4,NA,NA,60,CP00,PT,time_48
2016-05-01,101,100.91295474026421,0.08704525973578825,NA,NA,60,CP00,PT,time_48
2016-06-01,101.22,101.10070213984477,0.11929786015522836,NA,NA,60,CP00,PT,time_48
2016-07-01,101.29,100.49878309374085,0.7912169062591516,NA,NA,60,CP00,PT,time_48
2016-08-01,101.26,100.39883248108532,0.8611675189146837,NA,NA,60,CP00,PT,time_48
2016-09-01,101.92,101.18857342748493,0.7314265725150761,NA,NA,60,CP00,PT,time_48
2016-10-01,102.12,101.30978494069902,0.8102150593009867,NA,NA,60,CP00,PT,time_48
2016-11-01,101.15,101.19203341895076,-0.04203341895075141,NA,NA,60,CP00,PT,time_48
2016-12-01,101.17,101.3768384911915,-0.20683849119150466,NA,NA,60,CP00,PT,time_48
2017-01-01,100.44,100.47635796883999,-0.03635796883999376,NA,NA,60,CP00,PT,time_48
2017-02-01,100.17,100.99413764569621,-0.8241376456962115,NA,NA,60,CP00,PT,time_48
2017-03-01,102.19,102.01461763421466,0.17538236578533883,NA,NA,60,CP00,PT,time_48
2017-04-01,103.68,102.67308951211805,1.006910487881953,NA,NA,60,CP00,PT,time_48
2017-05-01,103.41,102.68879569826564,0.7212043017343603,NA,NA,60,CP00,PT,time_48
2017-06-01,102.85,102.74945156095151,0.10054843904848099,NA,NA,60,CP00,PT,time_48
2017-07-01,102.21,102.17822108737633,0.031778912623664723,NA,NA,60,CP00,PT,time_48
2017-08-01,102.45,102.19562494783983,0.25437505216017087,NA,NA,60,CP00,PT,time_48
2017-09-01,103.48,102.98118823297763,0.4988117670223744,NA,NA,60,CP00,PT,time_48
2017-10-01,103.97,102.9039515982794,1.0660484017205931,NA,NA,60,CP00,PT,time_48
2017-11-01,102.86,102.91879570654707,-0.05879570654707322,NA,NA,60,CP00,PT,time_48
2017-12-01,102.69,102.9010442751862,-0.21104427518619673,NA,NA,60,CP00,PT,time_48
2018-01-01,101.45,101.99093473804108,-0.5409347380410736,NA,NA,60,CP00,PT,time_48
2018-02-01,100.81,102.3400656577791,-1.5300656577791045,NA,NA,60,CP00,PT,time_48
2018-03-01,103,103.37373884830868,-0.3737388483086761,NA,NA,60,CP00,PT,time_48
2018-04-01,103.99,103.94473615571387,0.04526384428612573,NA,NA,60,CP00,PT,time_48
2018-05-01,104.86,104.29181469374674,0.5681853062532554,NA,NA,60,CP00,PT,time_48
2018-06-01,104.88,104.71160436572868,0.1683956342713202,1.2400000000000002,-0.9899999999999998,60,CP00,PT,time_48
2018-07-01,104.47,104.48999254381769,-0.01999254381769333,1.0700000000000003,-1.0699999999999998,60,CP00,PT,time_48
2018-08-01,103.77,104.51669614380062,-0.7466961438006194,0.39000000000000057,-1.8599999999999999,60,CP00,PT,time_48
2018-09-01,105.35,105.13752565134112,0.2124743486588727,1.3000000000000007,-0.9499999999999997,60,CP00,PT,time_48
2018-10-01,104.81,105.45611213415307,-0.6461121341530713,0.4400000000000004,-1.7999999999999998,60,CP00,PT,time_48
2018-11-01,103.75,105.10019675382392,-1.3501967538239228,-0.31999999999999984,-2.3899999999999997,60,CP00,PT,time_48
2018-12-01,103.33,104.97537840594624,-1.6453784059462464,-0.6299999999999999,-2.6599999999999997,60,CP00,PT,time_48
2019-01-01,102.04,103.69451991242053,-1.6545199124205254,-0.5399999999999996,-2.79,60,CP00,PT,time_48
2019-02-01,101.76,103.99145535557102,-2.231455355571015,-1.0899999999999999,-3.34,60,CP00,PT,time_48
2019-03-01,103.84,105.13140982089126,-1.2914098208912606,-0.2699999999999996,-2.3,60,CP00,PT,time_48
2019-04-01,104.92,105.99958582702267,-1.0795858270226688,-0.019999999999999574,-2.13,60,CP00,PT,time_48
2019-05-01,105.19,106.07277995332484,-0.8827799533248424,0.20999999999999996,-1.9899999999999998,60,CP00,PT,time_48
2019-06-01,105.6,106.26317732236227,-0.663177322362273,0.54,-1.94,60,CP00,PT,time_48
2019-07-01,103.82,105.75073118400931,-1.9307311840093178,-0.5999999999999996,-3.2199999999999998,60,CP00,PT,time_48
2019-08-01,103.7,105.884098028542,-2.184098028541996,-0.7999999999999998,-3.4099999999999997,60,CP00,PT,time_48
2019-09-01,105.12,106.37997732124133,-1.2599773212413226,0.010000000000000675,-2.6099999999999994,60,CP00,PT,time_48
2019-10-01,104.75,106.52432167901046,-1.7743216790104555,-0.5799999999999996,-2.96,60,CP00,PT,time_48
2019-11-01,104.02,106.2173529219229,-2.1973529219228993,-0.9899999999999998,-3.4399999999999995,60,CP00,PT,time_48
2019-12-01,103.76,106.16956385888989,-2.4095638588898822,-1.2699999999999996,-3.57,60,CP00,PT,time_48
2020-01-01,102.93,104.98975105786928,-2.0597510578692777,-0.7999999999999998,-3.4299999999999997,60,CP00,PT,time_48
