date,obs,synth,gaps,upper_ci,lower_ci,T0,outcome,treated
2015-01-01,51.5430376344086,46.260162315585745,5.282875318822853,NA,NA,89,DAA,ES
2015-02-01,42.60608630952381,49.626153960134644,-7.020067650610834,NA,NA,89,DAA,ES
2015-03-01,43.08432795698925,45.35193528472447,-2.2676073277352202,NA,NA,89,DAA,ES
2015-04-01,45.38505555555555,43.59351076520857,1.7915447903469826,NA,NA,89,DAA,ES
2015-05-01,45.1483064516129,40.08062387688706,5.067682574725843,NA,NA,89,DAA,ES
2015-06-01,54.74554166666667,41.87666045152058,12.86888121514609,NA,NA,89,DAA,ES
2015-07-01,59.526747311827954,55.651390574389666,3.8753567374382882,NA,NA,89,DAA,ES
2015-08-01,55.60958333333333,46.031616629963885,9.577966703369448,NA,NA,89,DAA,ES
2015-09-01,51.87383333333333,50.496870389294585,1.3769629440387448,NA,NA,89,DAA,ES
2015-10-01,49.88583333333333,48.99344943147373,0.8923839018596027,NA,NA,89,DAA,ES
2015-11-01,51.21619444444445,47.88915165149558,3.327042792948866,NA,NA,89,DAA,ES
2015-12-01,52.586424731182795,45.92359798806136,6.662826743121435,NA,NA,89,DAA,ES
2016-01-01,36.514932795698925,41.552913999493235,-5.03798120379431,NA,NA,89,DAA,ES
2016-02-01,27.47925287356322,31.25416170537369,-3.774908831810471,NA,NA,89,DAA,ES
2016-03-01,27.793239247311828,30.578550603670106,-2.785311356358278,NA,NA,89,DAA,ES
2016-04-01,24.098375,29.411789035893893,-5.313414035893892,NA,NA,89,DAA,ES
2016-05-01,25.812056451612904,33.01020295711321,-7.198146505500304,NA,NA,89,DAA,ES
2016-06-01,38.924347222222224,36.41915023264145,2.5051969895807744,NA,NA,89,DAA,ES
2016-07-01,40.51584677419355,37.77335274251139,2.742494031682156,NA,NA,89,DAA,ES
2016-08-01,41.14416666666666,33.339866092873756,7.804300573792908,NA,NA,89,DAA,ES
2016-09-01,43.60475,38.8587789836632,4.745971016336803,NA,NA,89,DAA,ES
2016-10-01,52.84755376344086,49.953294257507864,2.894259505932993,NA,NA,89,DAA,ES
2016-11-01,56.146375,51.57828027730773,4.568094722692273,NA,NA,89,DAA,ES
2016-12-01,60.48635752688172,52.361344298077995,8.125013228803724,NA,NA,89,DAA,ES
2017-01-01,71.50611559139784,71.26619037320472,0.23992521819312174,NA,NA,89,DAA,ES
2017-02-01,51.703630952380955,52.24573534806363,-0.5421043956826779,NA,NA,89,DAA,ES
2017-03-01,43.16017473118279,39.898139561388064,3.2620351697947285,NA,NA,89,DAA,ES
2017-04-01,43.68673611111111,39.932391678588296,3.7543444325228137,NA,NA,89,DAA,ES
2017-05-01,47.17415322580645,40.36792373663458,6.806229489171869,NA,NA,89,DAA,ES
2017-06-01,50.20333333333333,42.9051399685121,7.2981933648212305,NA,NA,89,DAA,ES
2017-07-01,48.63221774193549,45.72730443103431,2.904913310901179,NA,NA,89,DAA,ES
2017-08-01,47.44994623655914,48.8159159799574,-1.36596974339826,NA,NA,89,DAA,ES
2017-09-01,49.160916666666665,46.907355904991306,2.2535607616753595,NA,NA,89,DAA,ES
2017-10-01,56.784408602150535,53.01206532256026,3.772343279590274,NA,NA,89,DAA,ES
2017-11-01,59.21825,61.92067282111641,-2.7024228211164143,NA,NA,89,DAA,ES
2017-12-01,57.85362903225806,49.80455942322602,8.049069609032045,NA,NA,89,DAA,ES
2018-01-01,50.0509811827957,40.592935807141416,9.458045375654287,NA,NA,89,DAA,ES
2018-02-01,54.86732142857143,46.15979223271061,8.707529195860822,NA,NA,89,DAA,ES
2018-03-01,40.156155913978495,46.491905407929465,-6.335749493950971,NA,NA,89,DAA,ES
2018-04-01,42.685291666666664,37.48363337541714,5.201658291249522,NA,NA,89,DAA,ES
2018-05-01,54.98024193548387,45.443456842769486,9.536785092714382,NA,NA,89,DAA,ES
2018-06-01,58.44956944444444,52.98770746279748,5.461861981646962,NA,NA,89,DAA,ES
2018-07-01,61.87819892473118,54.574671790573916,7.303527134157264,NA,NA,89,DAA,ES
2018-08-01,64.34020161290323,61.83746162914888,2.5027399837543456,NA,NA,89,DAA,ES
2018-09-01,71.25444444444445,67.902317131551,3.352127312893444,NA,NA,89,DAA,ES
2018-10-01,65.10649193548387,67.47159996998121,-2.3651080344973394,NA,NA,89,DAA,ES
2018-11-01,61.96447222222222,66.69847444685942,-4.7340022246372016,NA,NA,89,DAA,ES
2018-12-01,61.80711021505376,63.76852590123375,-1.9614156861799898,NA,NA,89,DAA,ES
2019-01-01,61.959852150537635,67.60919941521644,-5.649347264678802,NA,NA,89,DAA,ES
2019-02-01,54.02049107142857,52.04273099702421,1.9777600744043653,NA,NA,89,DAA,ES
2019-03-01,48.83611559139785,42.75846489522333,6.077650696174523,NA,NA,89,DAA,ES
2019-04-01,50.40361111111111,46.530954836692665,3.8726562744184463,NA,NA,89,DAA,ES
2019-05-01,48.39399193548387,44.33559988748982,4.058392047994047,NA,NA,89,DAA,ES
2019-06-01,47.16123611111111,41.68165687751464,5.479579233596468,NA,NA,89,DAA,ES
2019-07-01,51.464301075268814,49.41135652470031,2.0529445505685047,NA,NA,89,DAA,ES
2019-08-01,44.95181451612903,50.48704038540532,-5.535225869276289,NA,NA,89,DAA,ES
2019-09-01,42.13011111111111,53.7571521264279,-11.627041015316784,NA,NA,89,DAA,ES
2019-10-01,47.1523252688172,51.85249645644052,-4.700171187623319,NA,NA,89,DAA,ES
2019-11-01,42.18718055555556,45.8746479420386,-3.6874673864830427,NA,NA,89,DAA,ES
2019-12-01,33.809368279569895,41.75705860947176,-7.947690329901867,NA,NA,89,DAA,ES
2020-01-01,41.080094086021504,47.722399183419945,-6.642305097398442,NA,NA,89,DAA,ES
2020-02-01,35.855704022988505,37.636727923220356,-1.781023900231851,NA,NA,89,DAA,ES
2020-03-01,27.737002688172044,30.734148542468727,-2.997145854296683,NA,NA,89,DAA,ES
2020-04-01,17.60902777777778,22.57127927863193,-4.962251500854151,NA,NA,89,DAA,ES
2020-05-01,21.33369623655914,21.637975206347484,-0.3042789697883457,NA,NA,89,DAA,ES
2020-06-01,30.63211111111111,28.51597007342413,2.116141037686983,NA,NA,89,DAA,ES
2020-07-01,34.623306451612905,34.900833108935366,-0.2775266573224613,NA,NA,89,DAA,ES
2020-08-01,36.21193548387097,38.386431158523685,-2.174495674652718,NA,NA,89,DAA,ES
2020-09-01,41.94605555555555,49.94239776161777,-7.9963422060622165,NA,NA,89,DAA,ES
2020-10-01,36.54693548387097,40.319368792856004,-3.772433308985036,NA,NA,89,DAA,ES
2020-11-01,41.96422222222222,46.381209867491556,-4.416987645269337,NA,NA,89,DAA,ES
2020-12-01,41.9715188172043,53.828419523123614,-11.856900705919315,NA,NA,89,DAA,ES
2021-01-01,60.099556451612905,57.48144641157202,2.6181100400408823,NA,NA,89,DAA,ES
2021-02-01,28.542514880952385,51.02728591552259,-22.484771034570205,NA,NA,89,DAA,ES
2021-03-01,45.48087365591398,54.62459499417955,-9.143721338265571,NA,NA,89,DAA,ES
2021-04-01,65.06147222222222,62.645792123518426,2.4156800987037954,NA,NA,89,DAA,ES
2021-05-01,67.18366935483871,60.35298929689077,6.830680057947944,NA,NA,89,DAA,ES
2021-06-01,83.31108333333333,78.99862104494157,4.312462288391757,NA,NA,89,DAA,ES
2021-07-01,92.36961021505375,90.41612042060177,1.9534897944519827,NA,NA,89,DAA,ES
2021-08-01,106.08122311827957,100.30421137465345,5.777011743626119,NA,NA,89,DAA,ES
2021-09-01,156.40465277777778,138.33315840454105,18.07149437323673,NA,NA,89,DAA,ES
2021-10-01,199.67299731182797,192.35118821332753,7.321809098500438,NA,NA,89,DAA,ES
2021-11-01,193.72338888888888,209.28053494981884,-15.557146060929966,NA,NA,89,DAA,ES
2021-12-01,238.97243279569892,246.88780984437847,-7.915377048679545,NA,NA,89,DAA,ES
2022-01-01,201.8016801075269,203.32073001264388,-1.5190499051169866,NA,NA,89,DAA,ES
2022-02-01,200.30928571428572,187.21692412987642,13.092361584409304,NA,NA,89,DAA,ES
2022-03-01,283.1902284946237,280.36927224717505,2.8209562474486347,NA,NA,89,DAA,ES
2022-04-01,191.51891666666663,199.146740024005,-7.627823357338372,NA,NA,89,DAA,ES
2022-05-01,187.1648387096774,197.4707739627483,-10.305935253070885,NA,NA,89,DAA,ES
2022-06-01,231.46602393617025,235.0858414145336,-3.619817478363359,NA,NA,89,DAA,ES
2022-07-01,258.33200292397663,351.1679269429643,-92.83592401898767,NA,NA,89,DAA,ES
2022-08-01,308.7251612903226,472.4791681423142,-163.75400685199162,NA,NA,89,DAA,ES
2022-09-01,243.79393055555556,381.35988907061164,-137.56595851505608,NA,NA,89,DAA,ES
2022-10-01,163.09385752688172,190.91381918817711,-27.819961661295395,NA,NA,89,DAA,ES
2022-11-01,124.44794444444445,208.54747909415164,-84.0995346497072,NA,NA,89,DAA,ES
2022-12-01,135.086061827957,265.3888278436746,-130.30276601571762,NA,NA,89,DAA,ES
2023-01-01,71.07563172043011,145.6662318234232,-74.5906001029931,NA,NA,89,DAA,ES
2023-02-01,132.0730505952381,144.51712251791028,-12.44407192267218,NA,NA,89,DAA,ES
2023-03-01,89.57653225806452,112.49509971534138,-22.918567457276865,NA,NA,89,DAA,ES
2023-04-01,73.8218611111111,106.82011238208979,-32.998251270978685,NA,NA,89,DAA,ES
2023-05-01,74.16970430107527,86.15656546841257,-11.986861167337295,NA,NA,89,DAA,ES
2023-06-01,93.05493055555556,94.00864866143297,-0.9537181058774138,NA,NA,89,DAA,ES
2013-06-01,101.44,101.11936316079905,0.32063683920094377,NA,NA,108,CP00,ES
2013-07-01,100.27,99.68629610641715,0.5837038935828502,NA,NA,108,CP00,ES
2013-08-01,100.52,99.95065433041854,0.5693456695814518,NA,NA,108,CP00,ES
2013-09-01,101.29,101.29858014987796,-0.00858014987795741,NA,NA,108,CP00,ES
2013-10-01,101.32,100.94821396900072,0.37178603099927443,NA,NA,108,CP00,ES
2013-11-01,101.33,100.63433820067779,0.6956617993222096,NA,NA,108,CP00,ES
2013-12-01,101.35,100.85269121739096,0.4973087826090392,NA,NA,108,CP00,ES
2014-01-01,99.48,99.51918990367209,-0.03918990367208153,NA,NA,108,CP00,ES
2014-02-01,99.35,99.43050899295845,-0.08050899295845682,NA,NA,108,CP00,ES
2014-03-01,100.92,100.80479978027303,0.11520021972697236,NA,NA,108,CP00,ES
2014-04-01,101.56,101.18509096868009,0.37490903131991615,NA,NA,108,CP00,ES
2014-05-01,101.53,101.11059289882499,0.4194071011750111,NA,NA,108,CP00,ES
2014-06-01,101.47,101.24581569779335,0.22418430220665186,NA,NA,108,CP00,ES
2014-07-01,99.92,99.75687264417384,0.16312735582616256,NA,NA,108,CP00,ES
2014-08-01,100.01,99.7861096850319,0.2238903149681022,NA,NA,108,CP00,ES
2014-09-01,101.03,100.93403037664766,0.09596962335234593,NA,NA,108,CP00,ES
2014-10-01,101.1,101.00324668042663,0.09675331957336653,NA,NA,108,CP00,ES
2014-11-01,100.86,100.68693091494043,0.17306908505956642,NA,NA,108,CP00,ES
2014-12-01,100.2,100.32530032392084,-0.12530032392083967,NA,NA,108,CP00,ES
2015-01-01,98.04,98.23286863755314,-0.19286863755313277,NA,NA,108,CP00,ES
2015-02-01,98.18,98.71545667597003,-0.5354566759700248,NA,NA,108,CP00,ES
2015-03-01,100.15,100.18640646357866,-0.03640646357865762,NA,NA,108,CP00,ES
2015-04-01,100.83,100.58757394927983,0.24242605072016943,NA,NA,108,CP00,ES
2015-05-01,101.27,100.89600535280859,0.3739946471914095,NA,NA,108,CP00,ES
2015-06-01,101.46,101.03533140703578,0.4246685929642098,NA,NA,108,CP00,ES
2015-07-01,99.9,99.58503200936005,0.31496799063995695,NA,NA,108,CP00,ES
2015-08-01,99.5,99.31843839296923,0.18156160703077262,NA,NA,108,CP00,ES
2015-09-01,99.9,100.36521434551338,-0.46521434551337393,NA,NA,108,CP00,ES
2015-10-01,100.21,100.57821101566886,-0.3682110156688623,NA,NA,108,CP00,ES
2015-11-01,100.47,100.31329941003958,0.15670058996042258,NA,NA,108,CP00,ES
2015-12-01,100.09,100.13325382873404,-0.043253828734037825,NA,NA,108,CP00,ES
2016-01-01,97.63,98.43795371347858,-0.8079537134785824,NA,NA,108,CP00,ES
2016-02-01,97.21,98.43140373524878,-1.221403735248785,NA,NA,108,CP00,ES
2016-03-01,99.16,99.76006890957989,-0.600068909579889,NA,NA,108,CP00,ES
2016-04-01,99.65,100.12907811032775,-0.47907811032774816,NA,NA,108,CP00,ES
2016-05-01,100.17,100.36232470247396,-0.19232470247395383,NA,NA,108,CP00,ES
2016-06-01,100.59,100.62973003271681,-0.039730032716803976,NA,NA,108,CP00,ES
2016-07-01,99.25,99.17379223403006,0.07620776596994006,NA,NA,108,CP00,ES
2016-08-01,99.21,99.25152343249151,-0.04152343249151613,NA,NA,108,CP00,ES
2016-09-01,99.93,100.43809836962923,-0.5080983696292236,NA,NA,108,CP00,ES
2016-10-01,100.71,100.69946503804442,0.01053496195557102,NA,NA,108,CP00,ES
2016-11-01,100.95,100.58849967813491,0.36150032186509407,NA,NA,108,CP00,ES
2016-12-01,101.5,100.99353642516807,0.5064635748319262,NA,NA,108,CP00,ES
2017-01-01,100.5,99.91443992411091,0.5855600758890915,NA,NA,108,CP00,ES
2017-02-01,100.16,100.31799874764268,-0.1579987476426794,NA,NA,108,CP00,ES
2017-03-01,101.29,101.43748582985867,-0.14748582985866676,NA,NA,108,CP00,ES
2017-04-01,102.21,102.14188629033772,0.0681137096622706,NA,NA,108,CP00,ES
2017-05-01,102.16,102.02579213918713,0.1342078608128645,NA,NA,108,CP00,ES
2017-06-01,102.22,102.03124457487698,0.1887554251230199,NA,NA,108,CP00,ES
2017-07-01,100.98,100.64621747487249,0.3337825251275177,NA,NA,108,CP00,ES
2017-08-01,101.15,100.97564164897575,0.174358351024253,NA,NA,108,CP00,ES
2017-09-01,101.77,102.16074731768796,-0.39074731768796767,NA,NA,108,CP00,ES
2017-10-01,102.4,102.24889878200237,0.15110121799763476,NA,NA,108,CP00,ES
2017-11-01,102.73,102.17598319352831,0.5540168064716937,NA,NA,108,CP00,ES
2017-12-01,102.74,102.33635080476371,0.40364919523628373,NA,NA,108,CP00,ES
2018-01-01,101.22,101.26682868885872,-0.04682868885872438,NA,NA,108,CP00,ES
2018-02-01,101.37,101.29724377104621,0.07275622895379286,NA,NA,108,CP00,ES
2018-03-01,102.59,102.60250735354033,-0.012507353540328836,NA,NA,108,CP00,ES
2018-04-01,103.36,103.1726532191643,0.18734678083569634,NA,NA,108,CP00,ES
2018-05-01,104.32,103.56844341738031,0.7515565826196848,NA,NA,108,CP00,ES
2018-06-01,104.56,103.805867753828,0.7541322461720057,NA,NA,108,CP00,ES
2018-07-01,103.31,102.67450252091724,0.6354974790827583,NA,NA,108,CP00,ES
2018-08-01,103.46,102.78060678409966,0.6793932159003333,NA,NA,108,CP00,ES
2018-09-01,104.11,104.05140058766568,0.05859941233431698,NA,NA,108,CP00,ES
2018-10-01,104.82,104.40511479808906,0.41488520191093414,NA,NA,108,CP00,ES
2018-11-01,104.57,104.0444480820511,0.5255519179488886,NA,NA,108,CP00,ES
2018-12-01,104.05,103.74248059242426,0.3075194075757395,NA,NA,108,CP00,ES
2019-01-01,102.22,102.44778167053391,-0.22778167053391485,NA,NA,108,CP00,ES
2019-02-01,102.43,102.72545886439008,-0.29545886439007063,NA,NA,108,CP00,ES
2019-03-01,103.86,104.21017768365792,-0.35017768365791824,NA,NA,108,CP00,ES
2019-04-01,105.02,104.79299043715176,0.22700956284823803,NA,NA,108,CP00,ES
2019-05-01,105.27,104.9765528878955,0.29344711210450214,NA,NA,108,CP00,ES
2019-06-01,105.14,105.06309127758949,0.07690872241050783,NA,NA,108,CP00,ES
2019-07-01,103.94,103.73073232706466,0.20926767293534,NA,NA,108,CP00,ES
2019-08-01,103.83,103.86866329076193,-0.038663290761931535,NA,NA,108,CP00,ES
2019-09-01,104.24,104.87985745033554,-0.6398574503355405,NA,NA,108,CP00,ES
2019-10-01,104.93,104.99683700270721,-0.06683700270720294,NA,NA,108,CP00,ES
2019-11-01,104.97,104.78787223814726,0.18212776185274038,NA,NA,108,CP00,ES
2019-12-01,104.84,105.03428615382784,-0.1942861538278322,NA,NA,108,CP00,ES
2020-01-01,103.38,103.82784828930578,-0.4478482893057816,NA,NA,108,CP00,ES
2020-02-01,103.32,103.74436407205035,-0.4243640720503521,NA,NA,108,CP00,ES
2020-03-01,103.94,104.60997564567239,-0.6699756456723946,NA,NA,108,CP00,ES
2020-04-01,104.31,104.69546352580012,-0.38546352580011956,NA,NA,108,CP00,ES
2020-05-01,104.37,104.38122508751984,-0.011225087519832755,NA,NA,108,CP00,ES
2020-06-01,104.82,104.67537138265968,0.14462861734031662,NA,NA,108,CP00,ES
2020-07-01,103.18,104.08985376683582,-0.9098537668358091,NA,NA,108,CP00,ES
2020-08-01,103.19,103.51342875519406,-0.3234287551940582,NA,NA,108,CP00,ES
2020-09-01,103.64,104.11251433607012,-0.4725143360701196,NA,NA,108,CP00,ES
2020-10-01,103.97,104.43160971931034,-0.46160971931034567,NA,NA,108,CP00,ES
2020-11-01,104.07,104.28555017920168,-0.21555017920168495,NA,NA,108,CP00,ES
2020-12-01,104.23,104.50349213273557,-0.27349213273556927,NA,NA,108,CP00,ES
2021-01-01,103.74,104.15232367394364,-0.41232367394364644,NA,NA,108,CP00,ES
2021-02-01,103.13,103.97653615532694,-0.8465361553269446,NA,NA,108,CP00,ES
2021-03-01,105.08,105.57280660848508,-0.4928066084850826,NA,NA,108,CP00,ES
2021-04-01,106.25,106.26540605737007,-0.015406057370071835,NA,NA,108,CP00,ES
2021-05-01,106.81,106.45633041692017,0.3536695830798351,NA,NA,108,CP00,ES
2021-06-01,107.31,106.82654718932639,0.48345281067361157,NA,NA,108,CP00,ES
2021-07-01,106.44,106.21790405158015,0.2220959484198488,NA,NA,108,CP00,ES
2021-08-01,106.93,106.63621681842949,0.2937831815705181,NA,NA,108,CP00,ES
2021-09-01,108.2,107.94754914336907,0.25245085663092937,NA,NA,108,CP00,ES
2021-10-01,110.25,109.34827925566204,0.9017207443379647,NA,NA,108,CP00,ES
2021-11-01,110.46,110.10706970577839,0.3529302942216077,NA,NA,108,CP00,ES
2021-12-01,111.87,110.5984685680581,1.2715314319419093,NA,NA,108,CP00,ES
2022-01-01,111,110.88049554614491,0.11950445385508601,NA,NA,108,CP00,ES
2022-02-01,111.89,112.35570748240482,-0.46570748240482374,NA,NA,108,CP00,ES
2022-03-01,116.28,115.12737682029997,1.1526231797000293,NA,NA,108,CP00,ES
2022-04-01,115.98,116.608299552123,-0.6282995521229964,NA,NA,108,CP00,ES
2022-05-01,116.8,117.89067392945208,-1.0906739294520804,NA,NA,108,CP00,ES
2022-06-01,119.01,119.6703564983409,-0.6603564983408887,NA,NA,108,CP00,ES
2022-07-01,118.53,118.70836138443725,-0.17836138443725247,NA,NA,108,CP00,ES
2022-08-01,118.87,119.45492006657867,-0.5849200665786611,NA,NA,108,CP00,ES
2022-09-01,118.54,121.41708039675005,-2.8770803967500456,NA,NA,108,CP00,ES
2022-10-01,118.77,124.29100620135772,-5.5210062013577215,NA,NA,108,CP00,ES
2022-11-01,118.35,124.56115881255596,-6.211158812555965,NA,NA,108,CP00,ES
2022-12-01,118.37,124.18147380686928,-5.811473806869273,NA,NA,108,CP00,ES
2023-01-01,118.14,123.05039486812736,-4.910394868127355,NA,NA,108,CP00,ES
2023-02-01,119.26,123.64369181840041,-4.383691818400408,NA,NA,108,CP00,ES
2023-03-01,120.52,124.47628989649614,-3.956289896496145,NA,NA,108,CP00,ES
2023-04-01,121.07,125.35302608621679,-4.283026086216793,NA,NA,108,CP00,ES
2023-05-01,120.9,125.50965424999664,-4.6096542499966375,NA,NA,108,CP00,ES
2023-06-01,121.6,125.74725269822841,-4.147252698228414,NA,NA,108,CP00,ES
2013-06-01,108.35,113.25131985306881,-4.901319853068813,NA,NA,108,NRG,ES
2013-07-01,110.25,113.77418634067449,-3.5241863406744898,NA,NA,108,NRG,ES
2013-08-01,111.54,114.30072983396877,-2.7607298339687674,NA,NA,108,NRG,ES
2013-09-01,112.09,115.54104810865081,-3.4510481086508094,NA,NA,108,NRG,ES
2013-10-01,111.22,113.15417166742225,-1.9341716674222482,NA,NA,108,NRG,ES
2013-11-01,110.42,111.79314327130021,-1.3731432713002079,NA,NA,108,NRG,ES
2013-12-01,111.15,112.35959325301823,-1.2095932530182267,NA,NA,108,NRG,ES
2014-01-01,111.11,112.13672547081156,-1.0267254708115559,NA,NA,108,NRG,ES
2014-02-01,111.1,112.07351131175737,-0.9735113117573775,NA,NA,108,NRG,ES
2014-03-01,110.72,111.69256982096732,-0.9725698209673226,NA,NA,108,NRG,ES
2014-04-01,111,111.51113868642558,-0.511138686425582,NA,NA,108,NRG,ES
2014-05-01,111.21,111.20992312082834,7.687917165810632e-5,NA,NA,108,NRG,ES
2014-06-01,111.22,111.49964702917121,-0.2796470291712154,NA,NA,108,NRG,ES
2014-07-01,110.61,111.39372949636106,-0.7837294963610617,NA,NA,108,NRG,ES
2014-08-01,110.59,110.55846637712625,0.031533622873752165,NA,NA,108,NRG,ES
2014-09-01,112.1,110.46857026209422,1.6314297379057763,NA,NA,108,NRG,ES
2014-10-01,110,109.23346654645098,0.766533453549016,NA,NA,108,NRG,ES
2014-11-01,106.86,107.55001792237059,-0.6900179223705862,NA,NA,108,NRG,ES
2014-12-01,101.78,103.32502883014394,-1.5450288301439343,NA,NA,108,NRG,ES
2015-01-01,98.46,98.32395984762043,0.13604015237956446,NA,NA,108,NRG,ES
2015-02-01,99.84,100.18388208129075,-0.3438820812907437,NA,NA,108,NRG,ES
2015-03-01,102.52,102.40416214993722,0.1158378500627748,NA,NA,108,NRG,ES
2015-04-01,103.07,102.27303129976875,0.7969687002312469,NA,NA,108,NRG,ES
2015-05-01,104.13,103.69422169689898,0.4357783031010172,NA,NA,108,NRG,ES
2015-06-01,104.87,103.74745427594058,1.122545724059421,NA,NA,108,NRG,ES
2015-07-01,104.29,102.76837498421413,1.5216250157858724,NA,NA,108,NRG,ES
2015-08-01,99.85,99.72593522494402,0.12406477505597024,NA,NA,108,NRG,ES
2015-09-01,96.85,97.60392314255883,-0.7539231425588326,NA,NA,108,NRG,ES
2015-10-01,95.63,97.0513379804293,-1.4213379804292998,NA,NA,108,NRG,ES
2015-11-01,96.27,97.158341659873,-0.8883416598730065,NA,NA,108,NRG,ES
2015-12-01,94.22,95.0658708958754,-0.8458708958754073,NA,NA,108,NRG,ES
2016-01-01,88.35,93.01098505420407,-4.660985054204076,NA,NA,108,NRG,ES
2016-02-01,85.8,91.4591498102171,-5.659149810217102,NA,NA,108,NRG,ES
2016-03-01,87.37,92.30671357201771,-4.936713572017709,NA,NA,108,NRG,ES
2016-04-01,87.53,92.28707827323282,-4.757078273232821,NA,NA,108,NRG,ES
2016-05-01,89.53,93.81396936308316,-4.283969363083159,NA,NA,108,NRG,ES
2016-06-01,92.66,95.52280408989022,-2.8628040898902185,NA,NA,108,NRG,ES
2016-07-01,91.76,93.92640228490332,-2.166402284903313,NA,NA,108,NRG,ES
2016-08-01,90.83,92.54167179346494,-1.7116717934649444,NA,NA,108,NRG,ES
2016-09-01,92.16,94.08469820780019,-1.9246982078001906,NA,NA,108,NRG,ES
2016-10-01,95.71,95.7916676532743,-0.0816676532743088,NA,NA,108,NRG,ES
2016-11-01,95.75,95.82556839874549,-0.07556839874548871,NA,NA,108,NRG,ES
2016-12-01,99.22,97.73660821226505,1.483391787734945,NA,NA,108,NRG,ES
2017-01-01,103.76,99.19491731279194,4.565082687208061,NA,NA,108,NRG,ES
2017-02-01,100.18,99.39783414751761,0.7821658524823931,NA,NA,108,NRG,ES
2017-03-01,97.59,98.87872275168944,-1.2887227516894342,NA,NA,108,NRG,ES
2017-04-01,98.06,98.91648868901999,-0.856488689019983,NA,NA,108,NRG,ES
2017-05-01,96.97,96.89330244609867,0.07669755390132593,NA,NA,108,NRG,ES
2017-06-01,96.1,95.90114726869031,0.19885273130968528,NA,NA,108,NRG,ES
2017-07-01,95.56,95.20900645963113,0.35099354036887576,NA,NA,108,NRG,ES
2017-08-01,96.53,96.05278763931248,0.47721236068751693,NA,NA,108,NRG,ES
2017-09-01,97.47,97.51277450484534,-0.04277450484534029,NA,NA,108,NRG,ES
2017-10-01,99.4,97.99356820423053,1.4064317957694783,NA,NA,108,NRG,ES
2017-11-01,101.44,100.10388147733846,1.3361185226615362,NA,NA,108,NRG,ES
2017-12-01,101.76,99.8559001793032,1.9040998206967998,NA,NA,108,NRG,ES
2018-01-01,102.04,102.0087071285268,0.03129287147321236,NA,NA,108,NRG,ES
2018-02-01,101.53,101.18419294082929,0.34580705917070986,NA,NA,108,NRG,ES
2018-03-01,98.9,100.81664434563473,-1.9166443456347224,NA,NA,108,NRG,ES
2018-04-01,100.35,101.9732911626754,-1.6232911626754003,NA,NA,108,NRG,ES
2018-05-01,104.56,104.3697983978935,0.19020160210649806,NA,NA,108,NRG,ES
2018-06-01,105.6,105.52404229937378,0.0759577006262191,NA,NA,108,NRG,ES
2018-07-01,106.29,106.16269015296908,0.1273098470309293,NA,NA,108,NRG,ES
2018-08-01,107.25,106.3326930240853,0.9173069759146983,NA,NA,108,NRG,ES
2018-09-01,109.15,107.49555798929876,1.6544420107012456,NA,NA,108,NRG,ES
2018-10-01,110.04,109.23523781729892,0.8047621827010829,NA,NA,108,NRG,ES
2018-11-01,107.93,108.31425289383454,-0.3842528938345282,NA,NA,108,NRG,ES
2018-12-01,103.84,104.58345939861375,-0.7434593986137514,NA,NA,108,NRG,ES
2019-01-01,102.79,104.68522077865047,-1.8952207786504687,NA,NA,108,NRG,ES
2019-02-01,103.43,105.6933542912875,-2.2633542912874987,NA,NA,108,NRG,ES
2019-03-01,103.67,106.84463744444655,-3.174637444446546,NA,NA,108,NRG,ES
2019-04-01,104.97,107.5285036277824,-2.5585036277824003,NA,NA,108,NRG,ES
2019-05-01,105.06,108.39519653918859,-3.335196539188587,NA,NA,108,NRG,ES
2019-06-01,102.11,105.343660901396,-3.233660901396007,NA,NA,108,NRG,ES
2019-07-01,102.97,104.95243356676654,-1.9824335667665451,NA,NA,108,NRG,ES
2019-08-01,101.66,104.27646385898144,-2.6164638589814473,NA,NA,108,NRG,ES
2019-09-01,101.23,104.38379723571009,-3.153797235710087,NA,NA,108,NRG,ES
2019-10-01,102.14,104.99254891904361,-2.8525489190436133,NA,NA,108,NRG,ES
2019-11-01,101.6,105.40477908578262,-3.804779085782627,NA,NA,108,NRG,ES
2019-12-01,100.9,105.68559974430904,-4.785599744309039,NA,NA,108,NRG,ES
2020-01-01,102.73,107.38968984602809,-4.659689846028087,NA,NA,108,NRG,ES
2020-02-01,100.01,104.10472828529899,-4.094728285298984,NA,NA,108,NRG,ES
2020-03-01,93.64,99.14474654632832,-5.50474654632832,NA,NA,108,NRG,ES
2020-04-01,87.02,91.86292107518598,-4.842921075185984,NA,NA,108,NRG,ES
2020-05-01,86.44,90.2758080759157,-3.8358080759157076,NA,NA,108,NRG,ES
2020-06-01,89.89,93.01610138938875,-3.126101389388751,NA,NA,108,NRG,ES
2020-07-01,91.88,94.50349802206959,-2.6234980220695974,NA,NA,108,NRG,ES
2020-08-01,92.2,94.52757533635116,-2.3275753363511598,NA,NA,108,NRG,ES
2020-09-01,92.53,93.79515208138523,-1.2651520813852244,NA,NA,108,NRG,ES
2020-10-01,90.81,94.42167184061228,-3.6116718406122743,NA,NA,108,NRG,ES
2020-11-01,91.89,93.60004168760771,-1.7100416876077134,NA,NA,108,NRG,ES
2020-12-01,94.56,96.16035462532503,-1.600354625325025,NA,NA,108,NRG,ES
2021-01-01,100.71,99.35538097552401,1.35461902447598,NA,NA,108,NRG,ES
2021-02-01,95.84,102.34607089742373,-6.506070897423726,NA,NA,108,NRG,ES
2021-03-01,101.57,104.77038166795886,-3.2003816679588653,NA,NA,108,NRG,ES
2021-04-01,105.59,104.76441977215411,0.8255802278458901,NA,NA,108,NRG,ES
2021-05-01,107.19,106.07867318583583,1.1113268141641726,NA,NA,108,NRG,ES
2021-06-01,110.96,107.38151458277031,3.578485417229686,NA,NA,108,NRG,ES
2021-07-01,114.37,111.439945256812,2.930054743188009,NA,NA,108,NRG,ES
2021-08-01,117.53,112.76615980102511,4.76384019897489,NA,NA,108,NRG,ES
2021-09-01,123.16,115.27544872671103,7.884551273288963,NA,NA,108,NRG,ES
2021-10-01,133.34,123.56811253235392,9.771887467646081,NA,NA,108,NRG,ES
2021-11-01,131.17,130.3906730693998,0.7793269306001775,NA,NA,108,NRG,ES
2021-12-01,139.82,130.37752741699245,9.442472583007543,NA,NA,108,NRG,ES
2022-01-01,141.48,139.62731131929723,1.8526886807027552,NA,NA,108,NRG,ES
2022-02-01,145.72,143.14376546247746,2.576234537522538,NA,NA,108,NRG,ES
2022-03-01,172.25,160.6065473679509,11.643452632049105,NA,NA,108,NRG,ES
2022-04-01,148.98,162.27757831767045,-13.297578317670457,NA,NA,108,NRG,ES
2022-05-01,151.77,162.2198841522977,-10.449884152297699,NA,NA,108,NRG,ES
2022-06-01,164.94,169.0526741482754,-4.112674148275403,NA,NA,108,NRG,ES
2022-07-01,167.6,172.06496375135524,-4.464963751355242,NA,NA,108,NRG,ES
2022-08-01,167.52,175.54395863256025,-8.023958632560237,NA,NA,108,NRG,ES
2022-09-01,156.07,187.86685970541077,-31.796859705410782,NA,NA,108,NRG,ES
2022-10-01,148.42,198.3548458059647,-49.9348458059647,NA,NA,108,NRG,ES
2022-11-01,141.49,183.91736873412148,-42.42736873412147,NA,NA,108,NRG,ES
2022-12-01,134.03,174.64181907280386,-40.611819072803854,NA,NA,108,NRG,ES
2023-01-01,133.82,164.30266804158083,-30.482668041580837,NA,NA,108,NRG,ES
2023-02-01,136.91,160.54224312650257,-23.632243126502573,NA,NA,108,NRG,ES
2023-03-01,132.24,156.5873094574073,-24.347309457407277,NA,NA,108,NRG,ES
2023-04-01,129.8,153.61941680632972,-23.819416806329713,NA,NA,108,NRG,ES
2023-05-01,125.82,144.78960188773905,-18.96960188773906,NA,NA,108,NRG,ES
2023-06-01,127.77,144.91527759207813,-17.14527759207813,NA,NA,108,NRG,ES
2013-06-01,100.55,100.01783620589053,0.532163794109465,NA,NA,108,TOT_X_NRG,ES
2013-07-01,98.99,98.45566079442388,0.5343392055761171,NA,NA,108,TOT_X_NRG,ES
2013-08-01,99.11,98.37475870974859,0.7352412902514089,NA,NA,108,TOT_X_NRG,ES
2013-09-01,99.91,99.54564822054965,0.36435177945034525,NA,NA,108,TOT_X_NRG,ES
2013-10-01,100.05,99.49597690739665,0.5540230926033445,NA,NA,108,TOT_X_NRG,ES
2013-11-01,100.17,99.31607502942886,0.8539249705711427,NA,NA,108,TOT_X_NRG,ES
2013-12-01,100.09,99.29996680734344,0.7900331926565656,NA,NA,108,TOT_X_NRG,ES
2014-01-01,97.99,97.87561751769076,0.11438248230923875,NA,NA,108,TOT_X_NRG,ES
2014-02-01,97.84,97.70245126202305,0.13754873797695666,NA,NA,108,TOT_X_NRG,ES
2014-03-01,99.66,99.42231307063977,0.23768692936022262,NA,NA,108,TOT_X_NRG,ES
2014-04-01,100.34,99.98049978693928,0.359500213060727,NA,NA,108,TOT_X_NRG,ES
2014-05-01,100.28,100.06813263791489,0.21186736208511547,NA,NA,108,TOT_X_NRG,ES
2014-06-01,100.22,100.15295301545632,0.06704698454367986,NA,NA,108,TOT_X_NRG,ES
2014-07-01,98.54,98.49502387792526,0.04497612207474333,NA,NA,108,TOT_X_NRG,ES
2014-08-01,98.65,98.43389780993633,0.2161021900636797,NA,NA,108,TOT_X_NRG,ES
2014-09-01,99.61,99.74313877388511,-0.13313877388510775,NA,NA,108,TOT_X_NRG,ES
2014-10-01,99.96,99.89923980034075,0.060760199659242176,NA,NA,108,TOT_X_NRG,ES
2014-11-01,100.09,99.72335628241167,0.3666437175883317,NA,NA,108,TOT_X_NRG,ES
2014-12-01,99.98,99.82078327913027,0.15921672086973615,NA,NA,108,TOT_X_NRG,ES
2015-01-01,97.98,98.20706468002064,-0.22706468002063218,NA,NA,108,TOT_X_NRG,ES
2015-02-01,97.95,98.43187657558612,-0.48187657558611363,NA,NA,108,TOT_X_NRG,ES
2015-03-01,99.83,99.96316528730807,-0.1331652873080742,NA,NA,108,TOT_X_NRG,ES
2015-04-01,100.52,100.46954028008989,0.05045971991010845,NA,NA,108,TOT_X_NRG,ES
2015-05-01,100.87,100.68993541518483,0.1800645848151703,NA,NA,108,TOT_X_NRG,ES
2015-06-01,100.99,100.83987045941957,0.15012954058042283,NA,NA,108,TOT_X_NRG,ES
2015-07-01,99.29,99.33628330941738,-0.04628330941737602,NA,NA,108,TOT_X_NRG,ES
2015-08-01,99.45,99.29846651337952,0.1515334866204796,NA,NA,108,TOT_X_NRG,ES
2015-09-01,100.33,100.60895285844774,-0.2789528584477381,NA,NA,108,TOT_X_NRG,ES
2015-10-01,100.85,100.92113550235331,-0.07113550235331445,NA,NA,108,TOT_X_NRG,ES
2015-11-01,101.05,100.6340921381707,0.4159078618292966,NA,NA,108,TOT_X_NRG,ES
2015-12-01,100.9,100.54088091565065,0.35911908434935924,NA,NA,108,TOT_X_NRG,ES
2016-01-01,98.93,99.05101159428544,-0.1210115942854344,NA,NA,108,TOT_X_NRG,ES
2016-02-01,98.81,98.94511213242257,-0.13511213242256304,NA,NA,108,TOT_X_NRG,ES
2016-03-01,100.81,100.64079302877857,0.1692069712214277,NA,NA,108,TOT_X_NRG,ES
2016-04-01,101.35,101.05597896901048,0.29402103098951216,NA,NA,108,TOT_X_NRG,ES
2016-05-01,101.66,101.41330731141208,0.24669268858791327,NA,NA,108,TOT_X_NRG,ES
2016-06-01,101.7,101.47766376893549,0.22233623106451716,NA,NA,108,TOT_X_NRG,ES
2016-07-01,100.29,100.0606930911315,0.22930690886850869,NA,NA,108,TOT_X_NRG,ES
2016-08-01,100.38,100.10979609113235,0.2702039088676429,NA,NA,108,TOT_X_NRG,ES
2016-09-01,101.01,101.29392115874238,-0.28392115874237334,NA,NA,108,TOT_X_NRG,ES
2016-10-01,101.4,101.39507723085318,0.004922769146830319,NA,NA,108,TOT_X_NRG,ES
2016-11-01,101.67,101.2408981964531,0.4291018035468994,NA,NA,108,TOT_X_NRG,ES
2016-12-01,101.8,101.44576498740476,0.3542350125952396,NA,NA,108,TOT_X_NRG,ES
2017-01-01,100.11,99.98378266927786,0.1262173307221417,NA,NA,108,TOT_X_NRG,ES
2017-02-01,100.18,100.37665679301604,-0.19665679301603234,NA,NA,108,TOT_X_NRG,ES
2017-03-01,101.77,101.83969493651959,-0.06969493651959624,NA,NA,108,TOT_X_NRG,ES
2017-04-01,102.75,102.47853359194352,0.27146640805648303,NA,NA,108,TOT_X_NRG,ES
2017-05-01,102.83,102.65546272420116,0.1745372757988406,NA,NA,108,TOT_X_NRG,ES
2017-06-01,103.01,102.7022408739221,0.30775912607791156,NA,NA,108,TOT_X_NRG,ES
2017-07-01,101.68,101.30864159154194,0.37135840845806456,NA,NA,108,TOT_X_NRG,ES
2017-08-01,101.75,101.3921888949942,0.35781110500579416,NA,NA,108,TOT_X_NRG,ES
2017-09-01,102.33,102.64182280111862,-0.31182280111862326,NA,NA,108,TOT_X_NRG,ES
2017-10-01,102.8,102.56088115867013,0.23911884132986927,NA,NA,108,TOT_X_NRG,ES
2017-11-01,102.92,102.4983758572628,0.42162414273720117,NA,NA,108,TOT_X_NRG,ES
2017-12-01,102.88,102.6221017591317,0.2578982408683004,NA,NA,108,TOT_X_NRG,ES
2018-01-01,101.14,101.17937985248209,-0.0393798524820852,NA,NA,108,TOT_X_NRG,ES
2018-02-01,101.37,101.1389392372913,0.231060762708708,NA,NA,108,TOT_X_NRG,ES
2018-03-01,103.07,102.84246908105752,0.22753091894247746,NA,NA,108,TOT_X_NRG,ES
2018-04-01,103.76,103.50629990773378,0.2537000922662287,NA,NA,108,TOT_X_NRG,ES
2018-05-01,104.31,103.93252034576105,0.3774796542389538,NA,NA,108,TOT_X_NRG,ES
2018-06-01,104.45,104.05805509390878,0.3919449060912257,NA,NA,108,TOT_X_NRG,ES
2018-07-01,102.95,102.72071500615426,0.22928499384573797,NA,NA,108,TOT_X_NRG,ES
2018-08-01,103,102.68135454974596,0.31864545025403856,NA,NA,108,TOT_X_NRG,ES
2018-09-01,103.49,103.81662402085426,-0.32662402085426834,NA,NA,108,TOT_X_NRG,ES
2018-10-01,104.18,103.86487477944023,0.31512522055977854,NA,NA,108,TOT_X_NRG,ES
2018-11-01,104.16,103.5796638713196,0.5803361286804005,NA,NA,108,TOT_X_NRG,ES
2018-12-01,104.1,103.60241759696693,0.4975824030330642,NA,NA,108,TOT_X_NRG,ES
2019-01-01,102.16,102.25302644416186,-0.09302644416186467,NA,NA,108,TOT_X_NRG,ES
2019-02-01,102.32,102.21852112044562,0.10147887955437795,NA,NA,108,TOT_X_NRG,ES
2019-03-01,103.91,103.85615525411987,0.05384474588012722,NA,NA,108,TOT_X_NRG,ES
2019-04-01,105.04,104.76790851305603,0.2720914869439781,NA,NA,108,TOT_X_NRG,ES
2019-05-01,105.31,104.99890334881695,0.31109665118304974,NA,NA,108,TOT_X_NRG,ES
2019-06-01,105.55,105.32659468002609,0.22340531997390656,NA,NA,108,TOT_X_NRG,ES
2019-07-01,104.09,104.02530479733122,0.06469520266878703,NA,NA,108,TOT_X_NRG,ES
2019-08-01,104.13,104.19435848142192,-0.06435848142191958,NA,NA,108,TOT_X_NRG,ES
2019-09-01,104.66,105.14404324004829,-0.4840432400482939,NA,NA,108,TOT_X_NRG,ES
2019-10-01,105.31,105.11139502825344,0.1986049717465619,NA,NA,108,TOT_X_NRG,ES
2019-11-01,105.43,104.9591741310638,0.4708258689362026,NA,NA,108,TOT_X_NRG,ES
2019-12-01,105.37,104.94656693340914,0.4234330665908601,NA,NA,108,TOT_X_NRG,ES
2020-01-01,103.47,103.46205422339445,0.007945776605552624,NA,NA,108,TOT_X_NRG,ES
2020-02-01,103.77,103.4631443093498,0.30685569065019536,NA,NA,108,TOT_X_NRG,ES
2020-03-01,105.34,105.16520337059822,0.17479662940178287,NA,NA,108,TOT_X_NRG,ES
2020-04-01,106.66,105.93071327313278,0.7292867268672154,NA,NA,108,TOT_X_NRG,ES
2020-05-01,106.81,106.14128548464923,0.6687145153507714,NA,NA,108,TOT_X_NRG,ES
2020-06-01,106.86,106.10834409468109,0.7516559053189127,NA,NA,108,TOT_X_NRG,ES
2020-07-01,104.73,105.58881680699767,-0.858816806997666,NA,NA,108,TOT_X_NRG,ES
2020-08-01,104.69,104.75581079930159,-0.06581079930158751,NA,NA,108,TOT_X_NRG,ES
2020-09-01,105.16,105.33306743128463,-0.1730674312846361,NA,NA,108,TOT_X_NRG,ES
2020-10-01,105.76,105.54853893872844,0.21146106127156372,NA,NA,108,TOT_X_NRG,ES
2020-11-01,105.74,105.40094393673749,0.3390560632625039,NA,NA,108,TOT_X_NRG,ES
2020-12-01,105.55,105.36822765909594,0.18177234090406102,NA,NA,108,TOT_X_NRG,ES
2021-01-01,104.18,104.52822223633673,-0.3482222363367242,NA,NA,108,TOT_X_NRG,ES
2021-02-01,104.13,104.41912818094099,-0.2891281809409918,NA,NA,108,TOT_X_NRG,ES
2021-03-01,105.58,105.53181071490056,0.04818928509943987,NA,NA,108,TOT_X_NRG,ES
2021-04-01,106.38,106.28442570389058,0.09557429610941881,NA,NA,108,TOT_X_NRG,ES
2021-05-01,106.8,106.54833498319577,0.2516650168042247,NA,NA,108,TOT_X_NRG,ES
2021-06-01,106.87,106.77082567837968,0.09917432162032469,NA,NA,108,TOT_X_NRG,ES
2021-07-01,105.44,105.808330291085,-0.3683302910850017,NA,NA,108,TOT_X_NRG,ES
2021-08-01,105.58,105.98247527972345,-0.402475279723447,NA,NA,108,TOT_X_NRG,ES
2021-09-01,106.27,107.05980656625003,-0.7898065662500358,NA,NA,108,TOT_X_NRG,ES
2021-10-01,107.24,107.39033194247213,-0.15033194247213544,NA,NA,108,TOT_X_NRG,ES
2021-11-01,107.77,107.74745437799176,0.022545622008237842,NA,NA,108,TOT_X_NRG,ES
2021-12-01,108.22,108.18786292496478,0.032137075035223006,NA,NA,108,TOT_X_NRG,ES
2022-01-01,107.1,107.6407459936193,-0.5407459936193106,NA,NA,108,TOT_X_NRG,ES
2022-02-01,107.64,108.25841877275141,-0.6184187727514114,NA,NA,108,TOT_X_NRG,ES
2022-03-01,109.72,109.98851156529628,-0.2685115652962793,NA,NA,108,TOT_X_NRG,ES
2022-04-01,111.79,111.52393969147975,0.2660603085202524,NA,NA,108,TOT_X_NRG,ES
2022-05-01,112.4,112.5028258063738,-0.10282580637380079,NA,NA,108,TOT_X_NRG,ES
2022-06-01,113.47,113.54536314405065,-0.07536314405065525,NA,NA,108,TOT_X_NRG,ES
2022-07-01,112.67,112.90945262168553,-0.23945262168552972,NA,NA,108,TOT_X_NRG,ES
2022-08-01,113.05,113.66237392212979,-0.612373922129791,NA,NA,108,TOT_X_NRG,ES
2022-09-01,113.87,115.40409525603488,-1.534095256034874,NA,NA,108,TOT_X_NRG,ES
2022-10-01,114.91,116.4745033966476,-1.5645033966476092,NA,NA,108,TOT_X_NRG,ES
2022-11-01,115.16,117.03932526735512,-1.879325267355128,NA,NA,108,TOT_X_NRG,ES
2022-12-01,115.95,117.81953217612853,-1.86953217612853,NA,NA,108,TOT_X_NRG,ES
2023-01-01,115.72,117.29138192882637,-1.5713819288263693,NA,NA,108,TOT_X_NRG,ES
2023-02-01,116.65,118.13675224083805,-1.4867522408380438,NA,NA,108,TOT_X_NRG,ES
2023-03-01,118.45,119.85072960840199,-1.4007296084019885,NA,NA,108,TOT_X_NRG,ES
2023-04-01,119.29,121.04166518902178,-1.7516651890217787,NA,NA,108,TOT_X_NRG,ES
2023-05-01,119.47,121.71972301063778,-2.24972301063778,NA,NA,108,TOT_X_NRG,ES
2023-06-01,120.05,122.30924206827518,-2.259242068275185,NA,NA,108,TOT_X_NRG,ES
2015-01-01,51.767997311827955,46.41105901487603,5.356938296951924,NA,NA,89,DAA,PT
2015-02-01,42.610014880952384,49.760957011354655,-7.150942130402271,NA,NA,89,DAA,PT
2015-03-01,43.08340277777778,45.49896100437378,-2.415558226596005,NA,NA,89,DAA,PT
2015-04-01,45.539722222222224,43.72293067407661,1.8167915481456163,NA,NA,89,DAA,PT
2015-05-01,45.20655913978494,40.173386681054836,5.033172458730107,NA,NA,89,DAA,PT
2015-06-01,54.76125,41.974234607253294,12.787015392746703,NA,NA,89,DAA,PT
2015-07-01,59.58897849462365,55.63550860464517,3.9534698899784857,NA,NA,89,DAA,PT
2015-08-01,55.61807795698925,46.140276851442664,9.477801105546583,NA,NA,89,DAA,PT
2015-09-01,52.44652298850575,50.55101524078775,1.8955077477179998,NA,NA,89,DAA,PT
2015-10-01,49.88471774193548,49.09216656339201,0.7925511785434693,NA,NA,89,DAA,PT
2015-11-01,51.480333333333334,47.92773928183134,3.552594051501991,NA,NA,89,DAA,PT
2015-12-01,52.89247311827957,45.96284895693057,6.929624161348997,NA,NA,89,DAA,PT
2016-01-01,36.37930107526882,41.54888868804268,-5.16958761277386,NA,NA,89,DAA,PT
2016-02-01,27.328793103448277,31.330162180016902,-4.001369076568626,NA,NA,89,DAA,PT
2016-03-01,27.684905913978493,30.65625752566431,-2.971351611685815,NA,NA,89,DAA,PT
2016-04-01,23.484236111111112,29.48025397374827,-5.9960178626371565,NA,NA,89,DAA,PT
2016-05-01,24.98024193548387,32.975658793362534,-7.995416857878663,NA,NA,89,DAA,PT
2016-06-01,38.305194444444446,36.38509680170456,1.9200976427398828,NA,NA,89,DAA,PT
2016-07-01,40.35141129032258,37.7834148689803,2.5679964213422792,NA,NA,89,DAA,PT
2016-08-01,41.125443548387096,33.36984783727046,7.755595711116634,NA,NA,89,DAA,PT
2016-09-01,43.627125,38.90981872391116,4.717306276088841,NA,NA,89,DAA,PT
2016-10-01,52.80096774193548,50.063884097840955,2.7370836440945254,NA,NA,89,DAA,PT
2016-11-01,56.26726388888889,51.74462097397259,4.522642914916304,NA,NA,89,DAA,PT
2016-12-01,60.27356182795699,52.47086397280544,7.80269785515155,NA,NA,89,DAA,PT
2017-01-01,71.53974462365592,71.41767629123785,0.12206833241806692,NA,NA,89,DAA,PT
2017-02-01,51.3499255952381,52.306192194381765,-0.9562665991436674,NA,NA,89,DAA,PT
2017-03-01,43.922836021505375,39.94020080701654,3.9826352144888375,NA,NA,89,DAA,PT
2017-04-01,44.172916666666666,40.000122773529625,4.17279389313704,NA,NA,89,DAA,PT
2017-05-01,47.184448924731186,40.441103335996516,6.74334558873467,NA,NA,89,DAA,PT
2017-06-01,50.204861111111114,42.92743927926219,7.277421831848926,NA,NA,89,DAA,PT
2017-07-01,48.60206989247312,45.71096667236977,2.8911032201033464,NA,NA,89,DAA,PT
2017-08-01,47.42668010752688,48.72390819867934,-1.297228091152462,NA,NA,89,DAA,PT
2017-09-01,49.17081944444445,46.83968482324107,2.3311346212033754,NA,NA,89,DAA,PT
2017-10-01,56.98243279569893,53.010639728657395,3.9717930670415313,NA,NA,89,DAA,PT
2017-11-01,59.39319444444445,62.15545011378579,-2.762255669341343,NA,NA,89,DAA,PT
2017-12-01,59.43103494623656,50.02399888516169,9.40703606107487,NA,NA,89,DAA,PT
2018-01-01,51.67783602150538,40.739686492487735,10.938149529017643,NA,NA,89,DAA,PT
2018-02-01,54.967752976190475,46.283213825589215,8.68453915060126,NA,NA,89,DAA,PT
2018-03-01,39.72475806451613,46.53111050907232,-6.80635244455619,NA,NA,89,DAA,PT
2018-04-01,42.677,37.64922935286786,5.027770647132137,NA,NA,89,DAA,PT
2018-05-01,55.14565860215054,45.60623214451799,9.539426457632551,NA,NA,89,DAA,PT
2018-06-01,58.47172222222222,53.095788317706585,5.375933904515634,NA,NA,89,DAA,PT
2018-07-01,61.83915322580645,54.70683510891759,7.132318116888861,NA,NA,89,DAA,PT
2018-08-01,64.3042069892473,61.91108810325369,2.3931188859936157,NA,NA,89,DAA,PT
2018-09-01,71.27841666666667,67.96021670988551,3.3181999567811573,NA,NA,89,DAA,PT
2018-10-01,65.40532258064516,67.73016008896846,-2.3248375083232986,NA,NA,89,DAA,PT
2018-11-01,62.00754166666667,66.97045061015109,-4.962908943484422,NA,NA,89,DAA,PT
2018-12-01,61.864798387096776,63.895835977529956,-2.031037590433179,NA,NA,89,DAA,PT
2019-01-01,62.66336021505376,67.73093463825664,-5.067574423202885,NA,NA,89,DAA,PT
2019-02-01,54.72604166666667,52.25850050226135,2.4675411644053185,NA,NA,89,DAA,PT
2019-03-01,49.217486559139786,42.94110211282418,6.276384446315603,NA,NA,89,DAA,PT
2019-04-01,50.651583333333335,46.67580210939694,3.9757812239363943,NA,NA,89,DAA,PT
2019-05-01,48.75090053763441,44.57329291923766,4.177607618396749,NA,NA,89,DAA,PT
2019-06-01,47.17780555555556,41.87993211394321,5.297873441612346,NA,NA,89,DAA,PT
2019-07-01,51.46362903225806,49.51257529329778,1.9510537389602831,NA,NA,89,DAA,PT
2019-08-01,44.95299731182796,50.54479856485063,-5.591801253022673,NA,NA,89,DAA,PT
2019-09-01,42.157666666666664,53.64903454476063,-11.491367878093968,NA,NA,89,DAA,PT
2019-10-01,47.189516129032256,51.90925507606903,-4.719738947036774,NA,NA,89,DAA,PT
2019-11-01,42.122708333333335,46.0259685108104,-3.9032601774770654,NA,NA,89,DAA,PT
2019-12-01,33.67958333333333,41.96469648660451,-8.285113153271176,NA,NA,89,DAA,PT
2020-01-01,40.90326612903226,47.83795240708275,-6.934686278050492,NA,NA,89,DAA,PT
2020-02-01,36.02508620689655,37.7453205958974,-1.7202343890008436,NA,NA,89,DAA,PT
2020-03-01,27.852379032258064,30.854857995527418,-3.002478963269354,NA,NA,89,DAA,PT
2020-04-01,17.725791666666666,22.59204266753936,-4.866251000872694,NA,NA,89,DAA,PT
2020-05-01,21.442594086021504,21.758082596855925,-0.3154885108344203,NA,NA,89,DAA,PT
2020-06-01,30.65648611111111,28.59664905997176,2.0598370511393505,NA,NA,89,DAA,PT
2020-07-01,34.619193548387095,34.9877724238644,-0.3685788754773043,NA,NA,89,DAA,PT
2020-08-01,36.128696236559136,38.50605048650784,-2.377354249948702,NA,NA,89,DAA,PT
2020-09-01,41.91918055555555,49.84104795058822,-7.92186739503267,NA,NA,89,DAA,PT
2020-10-01,36.426975806451615,40.46491053006481,-4.037934723613198,NA,NA,89,DAA,PT
2020-11-01,42.11373611111111,46.47106723007305,-4.3573311189619375,NA,NA,89,DAA,PT
2020-12-01,42.038870967741936,53.919923966271654,-11.881052998529718,NA,NA,89,DAA,PT
2021-01-01,60.62740591397849,57.49969666753614,3.1277092464423504,NA,NA,89,DAA,PT
2021-02-01,28.24181547619047,51.041527611876276,-22.799712135685805,NA,NA,89,DAA,PT
2021-03-01,45.41860215053764,54.65360104298393,-9.234998892446292,NA,NA,89,DAA,PT
2021-04-01,64.97829166666666,62.718490592560116,2.259801074106548,NA,NA,89,DAA,PT
2021-05-01,67.1825806451613,60.41708785595222,6.765492789209077,NA,NA,89,DAA,PT
2021-06-01,83.2996388888889,79.07736632547237,4.222272563416524,NA,NA,89,DAA,PT
2021-07-01,92.5494623655914,90.43792108737942,2.1115412782119733,NA,NA,89,DAA,PT
2021-08-01,106.1260752688172,100.3624355482199,5.763639720597297,NA,NA,89,DAA,PT
2021-09-01,156.78916666666666,138.3120725697156,18.47709409695105,NA,NA,89,DAA,PT
2021-10-01,199.69596774193548,192.25805905682637,7.437908685109107,NA,NA,89,DAA,PT
2021-11-01,193.79359722222225,209.65573969072057,-15.86214246849832,NA,NA,89,DAA,PT
2021-12-01,239.07416666666663,246.8852784042624,-7.81111173759578,NA,NA,89,DAA,PT
2022-01-01,201.97865591397849,203.65274640094077,-1.6740904869622852,NA,NA,89,DAA,PT
2022-02-01,200.80955357142855,187.40194169388502,13.40761187754353,NA,NA,89,DAA,PT
2022-03-01,283.0931451612903,280.36912094630594,2.724024214984354,NA,NA,89,DAA,PT
2022-04-01,192.01241666666667,199.69588833812816,-7.68347167146149,NA,NA,89,DAA,PT
2022-05-01,187.18969086021505,197.69357316110012,-10.503882300885067,NA,NA,89,DAA,PT
2022-06-01,231.57728280141845,235.15926948188448,-3.5819866804660307,NA,NA,89,DAA,PT
2022-07-01,259.5258552631579,351.050158197815,-91.5243029346571,NA,NA,89,DAA,PT
2022-08-01,311.09665322580645,472.1567355660694,-161.06008234026297,NA,NA,89,DAA,PT
2022-09-01,243.97452777777775,381.6403578108908,-137.66583003311305,NA,NA,89,DAA,PT
2022-10-01,163.09471774193548,191.14722290609865,-28.052505164163165,NA,NA,89,DAA,PT
2022-11-01,124.27047222222222,208.6006278090257,-84.33015558680347,NA,NA,89,DAA,PT
2022-12-01,134.6848252688172,265.6366654596309,-130.95184019081367,NA,NA,89,DAA,PT
2023-01-01,70.87145161290323,146.15496568637906,-75.28351407347583,NA,NA,89,DAA,PT
2023-02-01,132.8305357142857,144.7611526236555,-11.930616909369803,NA,NA,89,DAA,PT
2023-03-01,89.92642473118279,112.65151593082618,-22.725091199643387,NA,NA,89,DAA,PT
2023-04-01,77.04777777777778,107.03175103665168,-29.983973258873903,NA,NA,89,DAA,PT
2023-05-01,76.04782258064516,86.3812633322937,-10.333440751648538,NA,NA,89,DAA,PT
2023-06-01,95.61993055555556,94.00879656354832,1.6111339920072396,NA,NA,89,DAA,PT
2013-06-01,100.56,100.0705116376634,0.4894883623366013,NA,NA,108,CP00,PT
2013-07-01,100.37,99.03432271108129,1.335677288918717,NA,NA,108,CP00,PT
2013-08-01,99.68,99.0657916847353,0.6142083152647047,NA,NA,108,CP00,PT
2013-09-01,100.18,100.21230809000053,-0.03230809000052659,NA,NA,108,CP00,PT
2013-10-01,100.05,100.05639731380262,-0.006397313802622762,NA,NA,108,CP00,PT
2013-11-01,99.75,99.78794071581427,-0.03794071581427261,NA,NA,108,CP00,PT
2013-12-01,100.09,99.93833284133186,0.15166715866814684,NA,NA,108,CP00,PT
2014-01-01,98.61,98.69418363588919,-0.08418363588918965,NA,NA,108,CP00,PT
2014-02-01,98.35,98.75870453198462,-0.4087045319846254,NA,NA,108,CP00,PT
2014-03-01,99.72,99.99030791563686,-0.27030791563686307,NA,NA,108,CP00,PT
2014-04-01,100.06,100.31711691800334,-0.2571169180033337,NA,NA,108,CP00,PT
2014-05-01,100.14,100.27224344316609,-0.1322434431660895,NA,NA,108,CP00,PT
2014-06-01,100.22,100.2619903928406,-0.04199039284060291,NA,NA,108,CP00,PT
2014-07-01,99.6,99.13842171640657,0.46157828359342545,NA,NA,108,CP00,PT
2014-08-01,99.52,99.01476416489783,0.5052358351021695,NA,NA,108,CP00,PT
2014-09-01,100.05,100.12981159650906,-0.07981159650906022,NA,NA,108,CP00,PT
2014-10-01,100.09,100.33533024718939,-0.24533024718938634,NA,NA,108,CP00,PT
2014-11-01,99.73,100.10622847335796,-0.37622847335795484,NA,NA,108,CP00,PT
2014-12-01,99.73,99.98027815038428,-0.2502781503842755,NA,NA,108,CP00,PT
2015-01-01,98.09,98.35426784577004,-0.2642678457700356,NA,NA,108,CP00,PT
2015-02-01,98.11,98.8455233158743,-0.7355233158743033,NA,NA,108,CP00,PT
2015-03-01,100,100.17390082031115,-0.17390082031114673,NA,NA,108,CP00,PT
2015-04-01,100.4,100.4951911719973,-0.09519117199729976,NA,NA,108,CP00,PT
2015-05-01,100.93,100.61648152368346,0.3135184763165455,NA,NA,108,CP00,PT
2015-06-01,100.82,100.66142942687834,0.15857057312165068,NA,NA,108,CP00,PT
2015-07-01,100.15,99.59598986974953,0.5540101302504752,NA,NA,108,CP00,PT
2015-08-01,100.04,99.35663504559261,0.683364954407395,NA,NA,108,CP00,PT
2015-09-01,100.79,100.39534002871258,0.3946599712874246,NA,NA,108,CP00,PT
2015-10-01,100.63,100.64580658258782,-0.01580658258782819,NA,NA,108,CP00,PT
2015-11-01,100.19,100.35613406127095,-0.16613406127095232,NA,NA,108,CP00,PT
2015-12-01,99.86,100.36394548341622,-0.5039454834162171,NA,NA,108,CP00,PT
2016-01-01,98.78,99.02223790615379,-0.2422379061537896,NA,NA,108,CP00,PT
2016-02-01,98.05,99.0552898285952,-1.0052898285952097,NA,NA,108,CP00,PT
2016-03-01,100.25,100.18926041207001,0.06073958792998724,NA,NA,108,CP00,PT
2016-04-01,100.61,100.4499055879131,0.1600944120869059,NA,NA,108,CP00,PT
2016-05-01,101,100.67356313942183,0.3264368605781698,NA,NA,108,CP00,PT
2016-06-01,101.22,100.85786586677365,0.36213413322634835,NA,NA,108,CP00,PT
2016-07-01,101.29,99.92404414001413,1.365955859985874,NA,NA,108,CP00,PT
2016-08-01,101.26,99.65866456452589,1.6013354354741125,NA,NA,108,CP00,PT
2016-09-01,101.92,100.63987582266053,1.2801241773394736,NA,NA,108,CP00,PT
2016-10-01,102.12,100.91077404882911,1.2092259511708932,NA,NA,108,CP00,PT
2016-11-01,101.15,100.80296262668384,0.34703737331616935,NA,NA,108,CP00,PT
2016-12-01,101.17,101.00603964918395,0.16396035081605476,NA,NA,108,CP00,PT
2017-01-01,100.44,100.06181601538364,0.3781839846163564,NA,NA,108,CP00,PT
2017-02-01,100.17,100.42948836233683,-0.2594883623368247,NA,NA,108,CP00,PT
2017-03-01,102.19,101.49492791946565,0.6950720805343451,NA,NA,108,CP00,PT
2017-04-01,103.68,102.05083869566354,1.6291613043364634,NA,NA,108,CP00,PT
2017-05-01,103.41,101.9744962471723,1.4355037528276995,NA,NA,108,CP00,PT
2017-06-01,102.85,101.88245652603285,0.9675434739671402,NA,NA,108,CP00,PT
2017-07-01,102.21,101.23658996180455,0.9734100381954391,NA,NA,108,CP00,PT
2017-08-01,102.45,101.0609573359908,1.389042664009196,NA,NA,108,CP00,PT
2017-09-01,103.48,102.11306682029405,1.3669331797059527,NA,NA,108,CP00,PT
2017-10-01,103.97,102.23113129276481,1.7388687072351843,NA,NA,108,CP00,PT
2017-11-01,102.86,102.0760791959597,0.7839208040403065,NA,NA,108,CP00,PT
2017-12-01,102.69,102.02417855001234,0.6658214499876607,NA,NA,108,CP00,PT
2018-01-01,101.45,101.02016841976179,0.4298315802382149,NA,NA,108,CP00,PT
2018-02-01,100.81,101.17135924303159,-0.3613592430315862,NA,NA,108,CP00,PT
2018-03-01,103,102.35572195202401,0.6442780479759875,NA,NA,108,CP00,PT
2018-04-01,103.99,102.89507677618093,1.094923223819066,NA,NA,108,CP00,PT
2018-05-01,104.86,103.10059542686125,1.7594045731387524,NA,NA,108,CP00,PT
2018-06-01,104.88,103.2692008815649,1.6107991184350965,NA,NA,108,CP00,PT
2018-07-01,104.47,102.92426742508707,1.5457325749129325,NA,NA,108,CP00,PT
2018-08-01,103.77,102.59043125161045,1.179568748389542,NA,NA,108,CP00,PT
2018-09-01,105.35,103.40318591175678,1.9468140882432152,NA,NA,108,CP00,PT
2018-10-01,104.81,103.66375665924221,1.1462433407577919,NA,NA,108,CP00,PT
2018-11-01,103.75,103.3953744896115,0.35462551038850165,NA,NA,108,CP00,PT
2018-12-01,103.33,103.22455069180057,0.10544930819942522,NA,NA,108,CP00,PT
2019-01-01,102.04,102.29050567996812,-0.25050567996811424,NA,NA,108,CP00,PT
2019-02-01,101.76,102.41574618026426,-0.6557461802642592,NA,NA,108,CP00,PT
2019-03-01,103.84,103.62369201240774,0.2163079875922591,NA,NA,108,CP00,PT
2019-04-01,104.92,104.037096513591,0.8829034864090062,NA,NA,108,CP00,PT
2019-05-01,105.19,104.07408413792534,1.115915862074658,NA,NA,108,CP00,PT
2019-06-01,105.6,104.00877899079474,1.591221009205256,NA,NA,108,CP00,PT
2019-07-01,103.82,103.34492238245333,0.4750776175466598,NA,NA,108,CP00,PT
2019-08-01,103.7,103.12441628180234,0.5755837181976631,NA,NA,108,CP00,PT
2019-09-01,105.12,103.78441161660848,1.3355883833915243,NA,NA,108,CP00,PT
2019-10-01,104.75,104.10247608907923,0.6475239109207678,NA,NA,108,CP00,PT
2019-11-01,104.02,103.85767704259965,0.16232295740034886,NA,NA,108,CP00,PT
2019-12-01,103.76,103.84505679245156,-0.08505679245155306,NA,NA,108,CP00,PT
2020-01-01,102.93,102.91345340879933,0.016546591200679472,NA,NA,108,CP00,PT
2020-02-01,102.34,102.79919022822327,-0.45919022822326383,NA,NA,108,CP00,PT
2020-03-01,104.03,103.78907158789599,0.2409284121040116,NA,NA,108,CP00,PT
2020-04-01,104.7,104.0687143439603,0.631285656039708,NA,NA,108,CP00,PT
2020-05-01,104.44,103.8553842711347,0.5846157288653018,NA,NA,108,CP00,PT
2020-06-01,105.75,103.91839664680035,1.8316033531996538,NA,NA,108,CP00,PT
2020-07-01,103.62,103.9506643182066,-0.33066431820660114,NA,NA,108,CP00,PT
2020-08-01,103.36,102.98923489132834,0.37076510867166235,NA,NA,108,CP00,PT
2020-09-01,104.16,103.41690257308767,0.7430974269123283,NA,NA,108,CP00,PT
2020-10-01,104.03,103.87518054910815,0.1548194508918499,NA,NA,108,CP00,PT
2020-11-01,103.48,103.64678859795426,-0.16678859795425183,NA,NA,108,CP00,PT
2020-12-01,103.33,103.72091270333823,-0.39091270333823047,NA,NA,108,CP00,PT
2021-01-01,103,103.50372135697735,-0.5037213569773513,NA,NA,108,CP00,PT
2021-02-01,102.51,103.66594948160784,-1.1559494816078342,NA,NA,108,CP00,PT
2021-03-01,104.04,104.631314610379,-0.591314610378987,NA,NA,108,CP00,PT
2021-04-01,104.6,105.24235191173966,-0.6423519117396665,NA,NA,108,CP00,PT
2021-05-01,104.93,105.35253053370752,-0.4225305337075156,NA,NA,108,CP00,PT
2021-06-01,105.15,105.52894741055643,-0.378947410556421,NA,NA,108,CP00,PT
2021-07-01,104.79,105.36594948160784,-0.5759494816078359,NA,NA,108,CP00,PT
2021-08-01,104.67,105.3534036598174,-0.6834036598174009,NA,NA,108,CP00,PT
2021-09-01,105.55,106.37562711925403,-0.8256271192540368,NA,NA,108,CP00,PT
2021-10-01,105.97,107.431314610379,-1.4613146103790058,NA,NA,108,CP00,PT
2021-11-01,106.27,108.0447935399199,-1.774793539919898,NA,NA,108,CP00,PT
2021-12-01,106.28,108.15131972670834,-1.871319726708336,NA,NA,108,CP00,PT
2022-01-01,106.56,108.57840642832356,-2.0184064283235585,NA,NA,108,CP00,PT
2022-02-01,107.05,109.51783568083812,-2.467835680838121,NA,NA,108,CP00,PT
2022-03-01,109.85,111.49431253932761,-1.6443125393276148,NA,NA,108,CP00,PT
2022-04-01,112.49,112.84858038509753,-0.35858038509753953,NA,NA,108,CP00,PT
2022-05-01,114.02,113.82484840523115,0.19515159476884492,NA,NA,108,CP00,PT
2022-06-01,115.27,115.05402460742022,0.2159753925797787,NA,NA,108,CP00,PT
2022-07-01,115.28,115.16335899671233,0.11664100328766835,NA,NA,108,CP00,PT
2022-08-01,115.06,115.66729469860525,-0.6072946986052443,NA,NA,108,CP00,PT
2022-09-01,116.55,117.52012845230307,-0.9701284523030722,NA,NA,108,CP00,PT
2022-10-01,117.83,120.46340453163585,-2.633404531635847,NA,NA,108,CP00,PT
2022-11-01,117.84,120.30533539397123,-2.4653353939712304,NA,NA,108,CP00,PT
2022-12-01,117.3,119.99049680071585,-2.6904968007158487,NA,NA,108,CP00,PT
2023-01-01,116.3,119.34369712873709,-3.0436971287370937,NA,NA,108,CP00,PT
2023-02-01,116.77,119.79007912400411,-3.0200791240041127,NA,NA,108,CP00,PT
2023-03-01,119.09,120.32018843394364,-1.2301884339436384,NA,NA,108,CP00,PT
2023-04-01,120.61,121.06047636585103,-0.45047636585103135,NA,NA,108,CP00,PT
2023-05-01,120.93,120.57108711124768,0.35891288875232874,NA,NA,108,CP00,PT
2023-06-01,121.38,120.85223838774175,0.5277616122582458,NA,NA,108,CP00,PT
2013-06-01,106.42,107.29877795861144,-0.8787779586114368,NA,NA,108,NRG,PT
2013-07-01,107.16,107.44578551351064,-0.2857855135106462,NA,NA,108,NRG,PT
2013-08-01,107.28,108.22128426669656,-0.941284266696556,NA,NA,108,NRG,PT
2013-09-01,107.53,108.74759712689725,-1.217597126897246,NA,NA,108,NRG,PT
2013-10-01,106.06,106.07534771355958,-0.015347713559577869,NA,NA,108,NRG,PT
2013-11-01,105.71,106.6205165947737,-0.9105165947737106,NA,NA,108,NRG,PT
2013-12-01,106.37,107.24155305330508,-0.8715530533050782,NA,NA,108,NRG,PT
2014-01-01,107.21,107.1367364413992,0.07326355860080014,NA,NA,108,NRG,PT
2014-02-01,106.89,106.82196845686553,0.06803154313446669,NA,NA,108,NRG,PT
2014-03-01,106.58,107.02768446138072,-0.4476844613807174,NA,NA,108,NRG,PT
2014-04-01,106.81,107.02639733277906,-0.21639733277905293,NA,NA,108,NRG,PT
2014-05-01,106.74,107.15444157676967,-0.41444157676967563,NA,NA,108,NRG,PT
2014-06-01,106.77,107.39031144467698,-0.620311444676986,NA,NA,108,NRG,PT
2014-07-01,106.88,107.97750649363444,-1.097506493634441,NA,NA,108,NRG,PT
2014-08-01,105.95,107.41027388225476,-1.4602738822547536,NA,NA,108,NRG,PT
2014-09-01,105.95,107.01934116234064,-1.0693411623406348,NA,NA,108,NRG,PT
2014-10-01,104.54,106.81013928857438,-2.27013928857437,NA,NA,108,NRG,PT
2014-11-01,102.87,105.04671499466356,-2.1767149946635556,NA,NA,108,NRG,PT
2014-12-01,98.97,103.1394863021595,-4.169486302159498,NA,NA,108,NRG,PT
2015-01-01,96.8,99.44575710776749,-2.645757107767494,NA,NA,108,NRG,PT
2015-02-01,99.09,99.56918286538411,-0.4791828653841037,NA,NA,108,NRG,PT
2015-03-01,101.1,102.35744030734124,-1.2574403073412412,NA,NA,108,NRG,PT
2015-04-01,101.89,101.5407226082338,0.34927739176619355,NA,NA,108,NRG,PT
2015-05-01,103.7,102.66979526861935,1.0302047313806497,NA,NA,108,NRG,PT
2015-06-01,103.89,102.42651882078368,1.4634811792163163,NA,NA,108,NRG,PT
2015-07-01,103.13,101.76247058376823,1.3675294162317613,NA,NA,108,NRG,PT
2015-08-01,100.67,99.81711649585833,0.8528835041416727,NA,NA,108,NRG,PT
2015-09-01,98.32,98.22925280051166,0.09074719948833376,NA,NA,108,NRG,PT
2015-10-01,97.79,97.92699433947364,-0.13699433947363104,NA,NA,108,NRG,PT
2015-11-01,97.73,97.53122954739356,0.1987704526064391,NA,NA,108,NRG,PT
2015-12-01,95.89,96.72390171578975,-0.8339017157897501,NA,NA,108,NRG,PT
2016-01-01,95.39,94.35200161953675,1.0379983804632502,NA,NA,108,NRG,PT
2016-02-01,92.35,93.2941935331778,-0.9441935331778097,NA,NA,108,NRG,PT
2016-03-01,94.75,93.97904336604256,0.7709566339574394,NA,NA,108,NRG,PT
2016-04-01,95.92,93.401950134303,2.5180498656970087,NA,NA,108,NRG,PT
2016-05-01,96.42,94.14545657784575,2.2745434221542524,NA,NA,108,NRG,PT
2016-06-01,97.96,95.62710478532613,2.3328952146738686,NA,NA,108,NRG,PT
2016-07-01,96.23,94.57516326886322,1.6548367311367826,NA,NA,108,NRG,PT
2016-08-01,95.52,93.47913143996973,2.040868560030262,NA,NA,108,NRG,PT
2016-09-01,95.28,94.5821113872561,0.6978886127438955,NA,NA,108,NRG,PT
2016-10-01,96.58,95.3462778704129,1.2337221295870933,NA,NA,108,NRG,PT
2016-11-01,96.14,95.33245816775967,0.8075418322403323,NA,NA,108,NRG,PT
2016-12-01,97.61,96.59547560950676,1.0145243904932357,NA,NA,108,NRG,PT
2017-01-01,100.39,97.78954861652942,2.6004513834705847,NA,NA,108,NRG,PT
2017-02-01,100.37,97.90889600523732,2.4611039947626807,NA,NA,108,NRG,PT
2017-03-01,99.9,97.26871734022858,2.631282659771429,NA,NA,108,NRG,PT
2017-04-01,99.86,96.89903475956916,2.9609652404308378,NA,NA,108,NRG,PT
2017-05-01,98.64,95.9924072914855,2.6475927085144946,NA,NA,108,NRG,PT
2017-06-01,97.75,95.08785037878715,2.6621496212128477,NA,NA,108,NRG,PT
2017-07-01,97.2,94.47261643278857,2.727383567211433,NA,NA,108,NRG,PT
2017-08-01,97.86,95.28981826642223,2.570181733577769,NA,NA,108,NRG,PT
2017-09-01,98.76,97.89061159749157,0.8693884025084344,NA,NA,108,NRG,PT
2017-10-01,99.28,98.51468859720741,0.7653114027925909,NA,NA,108,NRG,PT
2017-11-01,100.48,99.3576833704398,1.1223166295602027,NA,NA,108,NRG,PT
2017-12-01,100.68,99.63492522124716,1.0450747787528485,NA,NA,108,NRG,PT
2018-01-01,102.47,100.36546781234824,2.104532187651756,NA,NA,108,NRG,PT
2018-02-01,101.71,99.79149589059487,1.91850410940512,NA,NA,108,NRG,PT
2018-03-01,100.92,99.2237353426785,1.6962646573215068,NA,NA,108,NRG,PT
2018-04-01,102.18,100.482734032708,1.6972659672920116,NA,NA,108,NRG,PT
2018-05-01,104.27,102.25022400853953,2.019775991460463,NA,NA,108,NRG,PT
2018-06-01,105,103.56002974072355,1.4399702592764498,NA,NA,108,NRG,PT
2018-07-01,104.71,103.04961122018636,1.6603887798136299,NA,NA,108,NRG,PT
2018-08-01,105.08,103.13842817683691,1.9415718231630876,NA,NA,108,NRG,PT
2018-09-01,105.59,103.91703290981901,1.6729670901809897,NA,NA,108,NRG,PT
2018-10-01,106.45,104.80969875346953,1.6403012465304698,NA,NA,108,NRG,PT
2018-11-01,105.15,103.42005137603674,1.729948623963267,NA,NA,108,NRG,PT
2018-12-01,101.97,100.5236432811192,1.4463567188807929,NA,NA,108,NRG,PT
2019-01-01,100.09,100.2659781442115,-0.1759781442114985,NA,NA,108,NRG,PT
2019-02-01,100.92,101.7160874951274,-0.7960874951273951,NA,NA,108,NRG,PT
2019-03-01,102.22,102.94675081568084,-0.7267508156808447,NA,NA,108,NRG,PT
2019-04-01,103.27,104.49667924355323,-1.2266792435532352,NA,NA,108,NRG,PT
2019-05-01,104.33,105.20658955709435,-0.8765895570943485,NA,NA,108,NRG,PT
2019-06-01,102.3,103.98073903477683,-1.6807390347768347,NA,NA,108,NRG,PT
2019-07-01,102.24,103.59814637757127,-1.3581463775712734,NA,NA,108,NRG,PT
2019-08-01,101.82,103.26392961496077,-1.4439296149607799,NA,NA,108,NRG,PT
2019-09-01,101.99,102.97703778205093,-0.9870377820509333,NA,NA,108,NRG,PT
2019-10-01,102.12,103.60071342738969,-1.4807134273896878,NA,NA,108,NRG,PT
2019-11-01,102.18,103.4969425477076,-1.3169425477075976,NA,NA,108,NRG,PT
2019-12-01,102.47,103.85278679202558,-1.382786792025584,NA,NA,108,NRG,PT
2020-01-01,103.96,104.72562382745024,-0.7656238274502414,NA,NA,108,NRG,PT
2020-02-01,102.49,102.33595370562469,0.1540462943753056,NA,NA,108,NRG,PT
2020-03-01,98.9,98.53895324568447,0.361046754315538,NA,NA,108,NRG,PT
2020-04-01,92.42,93.14774374692,-0.7277437469199981,NA,NA,108,NRG,PT
2020-05-01,91.68,92.77073353425138,-1.0907335342513704,NA,NA,108,NRG,PT
2020-06-01,93.66,95.83817247961997,-2.178172479619974,NA,NA,108,NRG,PT
2020-07-01,95.32,97.30232657967005,-1.9823265796700582,NA,NA,108,NRG,PT
2020-08-01,95.32,96.98291389383213,-1.6629138938321404,NA,NA,108,NRG,PT
2020-09-01,94.82,96.37196956395488,-1.5519695639548843,NA,NA,108,NRG,PT
2020-10-01,94.46,96.50728365431661,-2.0472836543166153,NA,NA,108,NRG,PT
2020-11-01,94.5,95.9213300968469,-1.4213300968469014,NA,NA,108,NRG,PT
2020-12-01,95.98,97.77070239468578,-1.7907023946857805,NA,NA,108,NRG,PT
2021-01-01,97.9,98.60439077326562,-0.7043907732656152,NA,NA,108,NRG,PT
2021-02-01,98.03,100.23035557265244,-2.200355572652441,NA,NA,108,NRG,PT
2021-03-01,100,102.23583284749324,-2.235832847493242,NA,NA,108,NRG,PT
2021-04-01,100.24,102.46008600426806,-2.220086004268069,NA,NA,108,NRG,PT
2021-05-01,101.22,103.14190044367976,-1.9219004436797604,NA,NA,108,NRG,PT
2021-06-01,102.41,104.15760065266669,-1.7476006526666907,NA,NA,108,NRG,PT
2021-07-01,103.94,106.08135689078894,-2.1413568907889413,NA,NA,108,NRG,PT
2021-08-01,104.49,106.11447280328265,-1.6244728032826572,NA,NA,108,NRG,PT
2021-09-01,105.11,107.31509557614496,-2.2050955761449558,NA,NA,108,NRG,PT
2021-10-01,107.74,110.31051532926085,-2.570515329260857,NA,NA,108,NRG,PT
2021-11-01,108.88,111.35315075614508,-2.4731507561450883,NA,NA,108,NRG,PT
2021-12-01,107.56,110.55046496385783,-2.990464963857832,NA,NA,108,NRG,PT
2022-01-01,110.59,114.11408641546674,-3.5240864154667406,NA,NA,108,NRG,PT
2022-02-01,113.6,115.52413129360858,-1.924131293608582,NA,NA,108,NRG,PT
2022-03-01,121.37,121.54576596114639,-0.1757659611463822,NA,NA,108,NRG,PT
2022-04-01,129.34,132.15542944818992,-2.815429448189917,NA,NA,108,NRG,PT
2022-05-01,136.36,135.6183980162883,0.7416019837117176,NA,NA,108,NRG,PT
2022-06-01,143.07,137.9874725877107,5.082527412289295,NA,NA,108,NRG,PT
2022-07-01,144.58,140.41145794402152,4.168542055978492,NA,NA,108,NRG,PT
2022-08-01,137.74,136.14578176351375,1.594218236486256,NA,NA,108,NRG,PT
2022-09-01,136.64,139.30348824446344,-2.6634882444634513,NA,NA,108,NRG,PT
2022-10-01,145.72,143.67946584795027,2.04053415204973,NA,NA,108,NRG,PT
2022-11-01,144.29,143.3106912609418,0.9793087390581832,NA,NA,108,NRG,PT
2022-12-01,137.36,136.72071115699742,0.6392888430025891,NA,NA,108,NRG,PT
2023-01-01,124.7,138.25179036304337,-13.551790363043366,NA,NA,108,NRG,PT
2023-02-01,122.13,137.9940949585389,-15.864094958538914,NA,NA,108,NRG,PT
2023-03-01,121.14,136.58318107661597,-15.443181076615971,NA,NA,108,NRG,PT
2023-04-01,117.07,135.66726581800722,-18.59726581800723,NA,NA,108,NRG,PT
2023-05-01,113.77,130.86284969910386,-17.092849699103866,NA,NA,108,NRG,PT
2023-06-01,113.71,131.56885059409458,-17.85885059409459,NA,NA,108,NRG,PT
2013-06-01,100.1,99.6849088519045,0.41509114809549885,NA,NA,108,TOT_X_NRG,PT
2013-07-01,99.83,98.37788510620355,1.4521148937964483,NA,NA,108,TOT_X_NRG,PT
2013-08-01,99.08,98.26810008273918,0.811899917260817,NA,NA,108,TOT_X_NRG,PT
2013-09-01,99.6,99.4730332984904,0.12696670150958766,NA,NA,108,TOT_X_NRG,PT
2013-10-01,99.59,99.34873063216588,0.24126936783412134,NA,NA,108,TOT_X_NRG,PT
2013-11-01,99.28,99.1225788021961,0.15742119780389885,NA,NA,108,TOT_X_NRG,PT
2013-12-01,99.6,99.27281075639567,0.3271892436043231,NA,NA,108,TOT_X_NRG,PT
2014-01-01,97.93,97.72237820584063,0.20762179415937965,NA,NA,108,TOT_X_NRG,PT
2014-02-01,97.68,97.580025638831,0.0999743611690036,NA,NA,108,TOT_X_NRG,PT
2014-03-01,99.18,99.36474959705997,-0.1847495970599624,NA,NA,108,TOT_X_NRG,PT
2014-04-01,99.53,99.91104185766457,-0.3810418576645702,NA,NA,108,TOT_X_NRG,PT
2014-05-01,99.62,99.88740681762422,-0.26740681762422014,NA,NA,108,TOT_X_NRG,PT
2014-06-01,99.7,99.9787345046335,-0.2787345046334906,NA,NA,108,TOT_X_NRG,PT
2014-07-01,99.03,98.39423308849925,0.6357669115007525,NA,NA,108,TOT_X_NRG,PT
2014-08-01,99.02,98.3017050399192,0.7182949600807973,NA,NA,108,TOT_X_NRG,PT
2014-09-01,99.59,99.68696173343479,-0.09696173343478165,NA,NA,108,TOT_X_NRG,PT
2014-10-01,99.74,99.85520593990003,-0.11520593990003647,NA,NA,108,TOT_X_NRG,PT
2014-11-01,99.49,99.59104555075606,-0.10104555075606925,NA,NA,108,TOT_X_NRG,PT
2014-12-01,99.8,99.81741992282059,-0.01741992282059357,NA,NA,108,TOT_X_NRG,PT
2015-01-01,98.21,98.06116086660586,0.14883913339413368,NA,NA,108,TOT_X_NRG,PT
2015-02-01,98.02,98.37564086104656,-0.35564086104656667,NA,NA,108,TOT_X_NRG,PT
2015-03-01,99.9,99.99912865583104,-0.0991286558310378,NA,NA,108,TOT_X_NRG,PT
2015-04-01,100.26,100.5479377063651,-0.2879377063650992,NA,NA,108,TOT_X_NRG,PT
2015-05-01,100.68,100.66123616344473,0.018763836555280022,NA,NA,108,TOT_X_NRG,PT
2015-06-01,100.54,100.83410651399886,-0.29410651399885523,NA,NA,108,TOT_X_NRG,PT
2015-07-01,99.88,99.3533410735746,0.526658926425398,NA,NA,108,TOT_X_NRG,PT
2015-08-01,99.98,99.2645490007045,0.7154509992954985,NA,NA,108,TOT_X_NRG,PT
2015-09-01,101.01,100.66783677069549,0.3421632293045178,NA,NA,108,TOT_X_NRG,PT
2015-10-01,100.88,101.03114463987995,-0.1511446398799592,NA,NA,108,TOT_X_NRG,PT
2015-11-01,100.41,100.57366327635515,-0.16366327635515177,NA,NA,108,TOT_X_NRG,PT
2015-12-01,100.22,100.56178772294106,-0.3417877229410635,NA,NA,108,TOT_X_NRG,PT
2016-01-01,99.09,99.00928346664602,0.08071653335397855,NA,NA,108,TOT_X_NRG,PT
2016-02-01,98.57,98.92835195675617,-0.3583519567561808,NA,NA,108,TOT_X_NRG,PT
2016-03-01,100.75,100.6469222384696,0.10307776153040038,NA,NA,108,TOT_X_NRG,PT
2016-04-01,101.03,101.07431207842963,-0.04431207842962692,NA,NA,108,TOT_X_NRG,PT
2016-05-01,101.42,101.33199715983945,0.0880028401605557,NA,NA,108,TOT_X_NRG,PT
2016-06-01,101.51,101.33035171407919,0.17964828592081972,NA,NA,108,TOT_X_NRG,PT
2016-07-01,101.76,100.01683383643439,1.7431661635656184,NA,NA,108,TOT_X_NRG,PT
2016-08-01,101.78,100.00442554773366,1.7755744522663406,NA,NA,108,TOT_X_NRG,PT
2016-09-01,102.53,101.29804436104808,1.2319556389519164,NA,NA,108,TOT_X_NRG,PT
2016-10-01,102.62,101.23926539337438,1.380734606625623,NA,NA,108,TOT_X_NRG,PT
2016-11-01,101.6,101.06332669339444,0.5366733066055502,NA,NA,108,TOT_X_NRG,PT
2016-12-01,101.49,101.35258267466371,0.13741732533628692,NA,NA,108,TOT_X_NRG,PT
2017-01-01,100.43,99.93861971282945,0.49138028717055704,NA,NA,108,TOT_X_NRG,PT
2017-02-01,100.14,100.30253873566896,-0.16253873566896004,NA,NA,108,TOT_X_NRG,PT
2017-03-01,102.39,101.87461303889278,0.5153869611072253,NA,NA,108,TOT_X_NRG,PT
2017-04-01,104.03,102.59144375379736,1.4385562462026371,NA,NA,108,TOT_X_NRG,PT
2017-05-01,103.85,102.63318828868148,1.2168117113185133,NA,NA,108,TOT_X_NRG,PT
2017-06-01,103.32,102.67241603363618,0.6475839663638112,NA,NA,108,TOT_X_NRG,PT
2017-07-01,102.67,101.47126879627265,1.1987312037273483,NA,NA,108,TOT_X_NRG,PT
2017-08-01,102.86,101.5480976646315,1.3119023353685009,NA,NA,108,TOT_X_NRG,PT
2017-09-01,103.91,102.84106767587146,1.0689323241285393,NA,NA,108,TOT_X_NRG,PT
2017-10-01,104.4,102.67380128888229,1.7261987111177177,NA,NA,108,TOT_X_NRG,PT
2017-11-01,103.07,102.4910582637666,0.5789417362333893,NA,NA,108,TOT_X_NRG,PT
2017-12-01,102.87,102.56845751583148,0.3015424841685217,NA,NA,108,TOT_X_NRG,PT
2018-01-01,101.36,101.06551758745184,0.2944824125481631,NA,NA,108,TOT_X_NRG,PT
2018-02-01,100.73,100.99412973472192,-0.26412973472191936,NA,NA,108,TOT_X_NRG,PT
2018-03-01,103.18,102.7060209908162,0.4739790091838074,NA,NA,108,TOT_X_NRG,PT
2018-04-01,104.15,103.4413090421759,0.7086909578241034,NA,NA,108,TOT_X_NRG,PT
2018-05-01,104.91,103.68845382273999,1.2215461772600094,NA,NA,108,TOT_X_NRG,PT
2018-06-01,104.87,103.87295836040377,0.9970416395962332,NA,NA,108,TOT_X_NRG,PT
2018-07-01,104.45,102.77820801240598,1.6717919875940197,NA,NA,108,TOT_X_NRG,PT
2018-08-01,103.65,102.70612135492388,0.9438786450761256,NA,NA,108,TOT_X_NRG,PT
2018-09-01,105.32,103.79413620467335,1.525863795326643,NA,NA,108,TOT_X_NRG,PT
2018-10-01,104.66,103.8148877889632,0.8451122110367919,NA,NA,108,TOT_X_NRG,PT
2018-11-01,103.62,103.37105272412934,0.24894727587066257,NA,NA,108,TOT_X_NRG,PT
2018-12-01,103.45,103.41568071476398,0.034319285236023234,NA,NA,108,TOT_X_NRG,PT
2019-01-01,102.21,102.02821742451084,0.18178257548915155,NA,NA,108,TOT_X_NRG,PT
2019-02-01,101.83,101.86180355748112,-0.03180355748112618,NA,NA,108,TOT_X_NRG,PT
2019-03-01,103.98,103.55213147927506,0.4278685207249424,NA,NA,108,TOT_X_NRG,PT
2019-04-01,105.06,104.47797311605295,0.5820268839470515,NA,NA,108,TOT_X_NRG,PT
2019-05-01,105.27,104.5470886666874,0.7229113333125952,NA,NA,108,TOT_X_NRG,PT
2019-06-01,105.88,104.8336837343009,1.0463162656990903,NA,NA,108,TOT_X_NRG,PT
2019-07-01,103.96,103.67091172193258,0.28908827806741044,NA,NA,108,TOT_X_NRG,PT
2019-08-01,103.87,103.76333329520577,0.10666670479423601,NA,NA,108,TOT_X_NRG,PT
2019-09-01,105.39,104.80342926280011,0.5865707371998923,NA,NA,108,TOT_X_NRG,PT
2019-10-01,104.97,104.78221377011107,0.18778622988892835,NA,NA,108,TOT_X_NRG,PT
2019-11-01,104.17,104.49464088302152,-0.32464088302151595,NA,NA,108,TOT_X_NRG,PT
2019-12-01,103.87,104.44048805943666,-0.5704880594366557,NA,NA,108,TOT_X_NRG,PT
2020-01-01,102.85,102.89576594775346,-0.04576594775346621,NA,NA,108,TOT_X_NRG,PT
2020-02-01,102.33,102.82811407073352,-0.49811407073352143,NA,NA,108,TOT_X_NRG,PT
2020-03-01,104.46,104.54496048831827,-0.08496048831827352,NA,NA,108,TOT_X_NRG,PT
2020-04-01,105.72,105.41632951683846,0.30367048316153955,NA,NA,108,TOT_X_NRG,PT
2020-05-01,105.5,105.39622673462307,0.10377326537692966,NA,NA,108,TOT_X_NRG,PT
2020-06-01,106.75,105.39127157313258,1.3587284268674154,NA,NA,108,TOT_X_NRG,PT
2020-07-01,104.3,104.97064840988888,-0.6706484098888836,NA,NA,108,TOT_X_NRG,PT
2020-08-01,104.02,103.97279853399729,0.04720146600270425,NA,NA,108,TOT_X_NRG,PT
2020-09-01,104.93,104.6410992130917,0.28890078690830023,NA,NA,108,TOT_X_NRG,PT
2020-10-01,104.83,104.80595528545831,0.024044714541687995,NA,NA,108,TOT_X_NRG,PT
2020-11-01,104.22,104.7673951667878,-0.5473951667877941,NA,NA,108,TOT_X_NRG,PT
2020-12-01,103.94,104.74148470312245,-0.8014847031224548,NA,NA,108,TOT_X_NRG,PT
2021-01-01,103.4,103.93998650261805,-0.5399865026180493,NA,NA,108,TOT_X_NRG,PT
2021-02-01,102.85,103.8870936347627,-1.0370936347627122,NA,NA,108,TOT_X_NRG,PT
2021-03-01,104.34,105.03795244529749,-0.6979524452974886,NA,NA,108,TOT_X_NRG,PT
2021-04-01,104.93,105.73214476384754,-0.8021447638475365,NA,NA,108,TOT_X_NRG,PT
2021-05-01,105.21,105.90420336439115,-0.6942033643911572,NA,NA,108,TOT_X_NRG,PT
2021-06-01,105.33,106.08661737210525,-0.7566173721052536,NA,NA,108,TOT_X_NRG,PT
2021-07-01,104.8,105.19925132443024,-0.3992513244302387,NA,NA,108,TOT_X_NRG,PT
2021-08-01,104.61,105.37508354910327,-0.7650835491032666,NA,NA,108,TOT_X_NRG,PT
2021-09-01,105.52,106.45558879901338,-0.935588799013388,NA,NA,108,TOT_X_NRG,PT
2021-10-01,105.73,106.67755956908374,-0.9475595690837366,NA,NA,108,TOT_X_NRG,PT
2021-11-01,105.95,107.02722113957728,-1.0772211395772757,NA,NA,108,TOT_X_NRG,PT
2021-12-01,106.09,107.34264777502605,-1.2526477750260483,NA,NA,108,TOT_X_NRG,PT
2022-01-01,106.13,106.73495640304093,-0.60495640304093,NA,NA,108,TOT_X_NRG,PT
2022-02-01,106.4,107.37170812801514,-0.9717081280151376,NA,NA,108,TOT_X_NRG,PT
2022-03-01,108.77,109.21145625399816,-0.4414562539981688,NA,NA,108,TOT_X_NRG,PT
2022-04-01,110.96,110.61738000223598,0.3426199977640181,NA,NA,108,TOT_X_NRG,PT
2022-05-01,112.01,111.54351300799607,0.4664869920039365,NA,NA,108,TOT_X_NRG,PT
2022-06-01,112.79,112.5921779348038,0.19782206519620615,NA,NA,108,TOT_X_NRG,PT
2022-07-01,112.67,112.12992942499335,0.5400705750066521,NA,NA,108,TOT_X_NRG,PT
2022-08-01,113.02,112.96015583955571,0.05984416044428542,NA,NA,108,TOT_X_NRG,PT
2022-09-01,114.74,114.69639053192347,0.043609468076525104,NA,NA,108,TOT_X_NRG,PT
2022-10-01,115.34,115.61967773035249,-0.2796777303524891,NA,NA,108,TOT_X_NRG,PT
2022-11-01,115.48,115.97287155867097,-0.49287155867097,NA,NA,108,TOT_X_NRG,PT
2022-12-01,115.48,116.60531380269961,-1.1253138026996083,NA,NA,108,TOT_X_NRG,PT
2023-01-01,115.34,115.93971480720995,-0.5997148072099492,NA,NA,108,TOT_X_NRG,PT
2023-02-01,116.03,116.91626466084493,-0.8862646608449296,NA,NA,108,TOT_X_NRG,PT
2023-03-01,118.59,118.63217402890258,-0.04217402890257915,NA,NA,108,TOT_X_NRG,PT
2023-04-01,120.52,119.66955261021201,0.8504473897879876,NA,NA,108,TOT_X_NRG,PT
2023-05-01,121.1,120.10695001573114,0.9930499842688505,NA,NA,108,TOT_X_NRG,PT
2023-06-01,121.6,120.78979028342495,0.810209716575045,NA,NA,108,TOT_X_NRG,PT
