date,country,post_treatment,DAP
2015-01-01,AT,FALSE,40.449437596302005
2015-02-01,AT,FALSE,45.74791666666667
2015-03-01,AT,FALSE,41.48989919354839
2015-04-01,AT,FALSE,39.58315972222222
2015-05-01,AT,FALSE,36.649247311827956
2015-06-01,AT,FALSE,39.29425
2015-07-01,AT,FALSE,52.445040322580645
2015-08-01,AT,FALSE,41.31066532258065
2015-09-01,AT,FALSE,40.68486111111111
2015-10-01,AT,FALSE,43.465564516129035
2015-11-01,AT,FALSE,44.37238888888889
2015-12-01,AT,FALSE,41.98528897849462
2016-01-01,AT,FALSE,38.4330376344086
2016-02-01,AT,FALSE,29.625258620689657
2016-03-01,AT,FALSE,29.717432795698926
2016-04-01,AT,FALSE,27.533784722222222
2016-05-01,AT,FALSE,27.079442204301074
2016-06-01,AT,FALSE,30.16745138888889
2016-07-01,AT,FALSE,34.69468413978495
2016-08-01,AT,FALSE,31.519899193548387
2016-09-01,AT,FALSE,36.544895833333335
2016-10-01,AT,FALSE,46.709375
2016-11-01,AT,FALSE,49.701388888888886
2016-12-01,AT,FALSE,47.81498655913978
2017-01-01,AT,FALSE,65.29766129032258
2017-02-01,AT,FALSE,48.00607886904762
2017-03-01,AT,FALSE,37.85622311827957
2017-04-01,AT,FALSE,35.3795625
2017-05-01,AT,FALSE,36.05186155913979
2017-06-01,AT,FALSE,39.05096527777778
2017-07-01,AT,FALSE,41.47621639784946
2017-08-01,AT,FALSE,43.120302419354836
2017-09-01,AT,FALSE,41.50859027777778
2017-10-01,AT,FALSE,41.61963709677419
2017-11-01,AT,FALSE,54.09375694444444
2017-12-01,AT,FALSE,33.6288440860215
2018-01-01,AT,FALSE,29.500860215053763
2018-02-01,AT,FALSE,40.122767857142854
2018-03-01,AT,FALSE,37.35938172043011
2018-04-01,AT,FALSE,31.96075
2018-05-01,AT,FALSE,33.65854838709677
2018-06-01,AT,FALSE,42.39336111111111
2018-07-01,AT,FALSE,49.589704301075265
2018-08-01,AT,FALSE,56.215537634408605
2018-09-01,AT,FALSE,54.835
2018-10-01,AT,FALSE,61.64587365591398
2018-11-01,AT,FALSE,61.824041666666666
2018-12-01,AT,FALSE,56.33037634408602
2019-01-01,AT,FALSE,56.02556451612903
2019-02-01,AT,FALSE,46.03102678571429
2019-03-01,AT,FALSE,33.065900537634406
2019-04-01,AT,FALSE,37.75009722222222
2019-05-01,AT,FALSE,37.92192204301075
2019-06-01,AT,FALSE,34.58315277777778
2019-07-01,AT,FALSE,40.07842741935484
2019-08-01,AT,FALSE,37.678413978494625
2019-09-01,AT,FALSE,38.05195833333333
2019-10-01,AT,FALSE,38.99135752688172
2019-11-01,AT,FALSE,42.74594444444445
2019-12-01,AT,FALSE,38.11784946236559
2020-01-01,AT,FALSE,40.6932123655914
2020-02-01,AT,FALSE,29.086221264367815
2020-03-01,AT,FALSE,24.601854838709677
2020-04-01,AT,FALSE,18.26313888888889
2020-05-01,AT,FALSE,17.532244623655913
2020-06-01,AT,FALSE,26.58701388888889
2020-07-01,AT,FALSE,32.310752688172045
2020-08-01,AT,FALSE,35.97706989247312
2020-09-01,AT,FALSE,45.539291666666664
2020-10-01,AT,FALSE,35.492540322580645
2020-11-01,AT,FALSE,41.178263888888885
2020-12-01,AT,FALSE,50.1919623655914
2021-01-01,AT,FALSE,57.68081989247312
2021-02-01,AT,FALSE,50.388526785714284
2021-03-01,AT,FALSE,53.65358870967742
2021-04-01,AT,FALSE,60.08444444444444
2021-05-01,AT,FALSE,54.81016129032258
2021-06-01,AT,FALSE,74.33747222222222
2021-07-01,AT,FALSE,83.61116935483871
2021-08-01,AT,FALSE,82.9380376344086
2021-09-01,AT,FALSE,134.68543055555557
2021-10-01,AT,FALSE,169.7792069892473
2021-11-01,AT,FALSE,206.3082222222222
2021-12-01,AT,FALSE,250.0310752688172
2022-01-01,AT,FALSE,189.1637634408602
2022-02-01,AT,FALSE,167.8047767857143
2022-03-01,AT,FALSE,282.6256989247312
2022-04-01,AT,FALSE,186.40955555555556
2022-05-01,AT,FALSE,184.51895161290324
2022-06-01,AT,TRUE,228.57615277777776
2022-07-01,AT,TRUE,359.1967607526882
2022-08-01,AT,TRUE,494.2112231182796
2022-09-01,AT,TRUE,385.4859861111111
2022-10-01,AT,TRUE,175.01256720430106
2022-11-01,AT,TRUE,212.75780555555556
2022-12-01,AT,TRUE,260.83619623655915
2023-01-01,AT,TRUE,144.68841397849462
2023-02-01,AT,TRUE,144.64925595238094
2023-03-01,AT,TRUE,113.23418010752688
2023-04-01,AT,TRUE,104.89081944444445
2023-05-01,AT,TRUE,82.2463306451613
2023-06-01,AT,TRUE,94.902875
2023-07-01,AT,TRUE,84.71985215053763
2023-08-01,AT,TRUE,92.78387096774193
2023-09-01,AT,TRUE,101.37830555555556
2023-10-01,AT,TRUE,99.2014247311828
2023-11-01,AT,TRUE,93.64368055555556
2023-12-01,AT,TRUE,73.02755376344086
2015-01-01,BE,FALSE,43.17981510015408
2015-02-01,BE,FALSE,50.54255952380952
2015-03-01,BE,FALSE,47.0498252688172
2015-04-01,BE,FALSE,47.689875
2015-05-01,BE,FALSE,37.57783602150538
2015-06-01,BE,FALSE,39.11551388888889
2015-07-01,BE,FALSE,42.5808064516129
2015-08-01,BE,FALSE,42.43833333333333
2015-09-01,BE,FALSE,52.487069444444444
2015-10-01,BE,FALSE,55.430551075268816
2015-11-01,BE,FALSE,43.10738888888889
2015-12-01,BE,FALSE,35.93720430107527
2016-01-01,BE,FALSE,32.59916666666667
2016-02-01,BE,FALSE,25.399827586206897
2016-03-01,BE,FALSE,27.120040322580646
2016-04-01,BE,FALSE,25.427319444444443
2016-05-01,BE,FALSE,25.378037634408603
2016-06-01,BE,FALSE,30.698458333333335
2016-07-01,BE,FALSE,31.320510752688172
2016-08-01,BE,FALSE,28.90681451612903
2016-09-01,BE,FALSE,37.72795833333333
2016-10-01,BE,FALSE,57.187862903225806
2016-11-01,BE,FALSE,62.32376388888889
2016-12-01,BE,FALSE,54.919422043010755
2017-01-01,BE,FALSE,72.66069892473118
2017-02-01,BE,FALSE,47.545386904761905
2017-03-01,BE,FALSE,34.46643817204301
2017-04-01,BE,FALSE,37.31644444444444
2017-05-01,BE,FALSE,37.20329301075269
2017-06-01,BE,FALSE,32.71568055555556
2017-07-01,BE,FALSE,33.54836021505376
2017-08-01,BE,FALSE,31.790927419354837
2017-09-01,BE,FALSE,37.19795833333333
2017-10-01,BE,FALSE,49.00771505376344
2017-11-01,BE,FALSE,66.62538888888889
2017-12-01,BE,FALSE,55.02456989247312
2018-01-01,BE,FALSE,36.80581989247312
2018-02-01,BE,FALSE,47.39071428571429
2018-03-01,BE,FALSE,50.70198924731183
2018-04-01,BE,FALSE,37.74448611111111
2018-05-01,BE,FALSE,44.555067204301075
2018-06-01,BE,FALSE,49.93268055555556
2018-07-01,BE,FALSE,52.95994623655914
2018-08-01,BE,FALSE,60.737177419354836
2018-09-01,BE,FALSE,68.72226388888889
2018-10-01,BE,FALSE,76.05317204301075
2018-11-01,BE,FALSE,77.7275
2018-12-01,BE,FALSE,59.663924731182796
2019-01-01,BE,FALSE,60.476290322580645
2019-02-01,BE,FALSE,47.56742559523809
2019-03-01,BE,FALSE,37.608655913978495
2019-04-01,BE,FALSE,37.924375
2019-05-01,BE,FALSE,38.000094086021505
2019-06-01,BE,FALSE,27.485680555555554
2019-07-01,BE,FALSE,37.762822580645164
2019-08-01,BE,FALSE,33.694798387096775
2019-09-01,BE,FALSE,33.585
2019-10-01,BE,FALSE,37.61966397849462
2019-11-01,BE,FALSE,44.408208333333334
2019-12-01,BE,FALSE,36.361397849462364
2020-01-01,BE,FALSE,37.847150537634406
2020-02-01,BE,FALSE,28.356206896551726
2020-03-01,BE,FALSE,24.022647849462366
2020-04-01,BE,FALSE,14.679916666666667
2020-05-01,BE,FALSE,15.408602150537634
2020-06-01,BE,FALSE,25.590027777777777
2020-07-01,BE,FALSE,29.872083333333332
2020-08-01,BE,FALSE,35.55323924731183
2020-09-01,BE,FALSE,44.22519444444445
2020-10-01,BE,FALSE,39.38008064516129
2020-11-01,BE,FALSE,39.934777777777775
2020-12-01,BE,FALSE,47.395591397849465
2021-01-01,BE,FALSE,57.44375
2021-02-01,BE,FALSE,48.5677380952381
2021-03-01,BE,FALSE,46.6275940860215
2021-04-01,BE,FALSE,57.03651388888889
2021-05-01,BE,FALSE,55.613373655913975
2021-06-01,BE,FALSE,74.49495833333333
2021-07-01,BE,FALSE,77.37272849462366
2021-08-01,BE,FALSE,79.55462365591399
2021-09-01,BE,FALSE,136.14890277777778
2021-10-01,BE,FALSE,165.37045698924732
2021-11-01,BE,FALSE,202.1688611111111
2021-12-01,BE,FALSE,245.4303494623656
2022-01-01,BE,FALSE,191.56244623655914
2022-02-01,BE,FALSE,162.63748511904762
2022-03-01,BE,FALSE,265.51270161290324
2022-04-01,BE,FALSE,186.71780555555554
2022-05-01,BE,FALSE,176.6657123655914
2022-06-01,BE,TRUE,219.29344444444445
2022-07-01,BE,TRUE,321.5475940860215
2022-08-01,BE,TRUE,448.1226075268817
2022-09-01,BE,TRUE,345.72647222222224
2022-10-01,BE,TRUE,157.5072446236559
2022-11-01,BE,TRUE,180.69505555555557
2022-12-01,BE,TRUE,268.87682795698925
2023-01-01,BE,TRUE,130.86622311827958
2023-02-01,BE,TRUE,143.51403273809524
2023-03-01,BE,TRUE,109.47641129032259
2023-04-01,BE,TRUE,105.62295833333333
2023-05-01,BE,TRUE,80.11127688172043
2023-06-01,BE,TRUE,93.1680138888889
2023-07-01,BE,TRUE,75.28693548387096
2023-08-01,BE,TRUE,92.05321236559139
2023-09-01,BE,TRUE,94.35141666666667
2023-10-01,BE,TRUE,86.33564516129032
2023-11-01,BE,TRUE,91.528875
2023-12-01,BE,TRUE,69.25731182795698
2015-01-01,CZ,FALSE,29.47452956989247
2015-02-01,CZ,FALSE,36.11779761904762
2015-03-01,CZ,FALSE,30.610524193548386
2015-04-01,CZ,FALSE,29.844708333333333
2015-05-01,CZ,FALSE,25.385309139784948
2015-06-01,CZ,FALSE,30.670541666666665
2015-07-01,CZ,FALSE,36.6999059139785
2015-08-01,CZ,FALSE,32.687862903225806
2015-09-01,CZ,FALSE,33.40127777777778
2015-10-01,CZ,FALSE,39.08360215053764
2015-11-01,CZ,FALSE,35.47031944444444
2015-12-01,CZ,FALSE,28.756666666666668
2016-01-01,CZ,FALSE,31.890336021505377
2016-02-01,CZ,FALSE,23.369353448275863
2016-03-01,CZ,FALSE,23.718817204301075
2016-04-01,CZ,FALSE,24.687055555555556
2016-05-01,CZ,FALSE,24.361075268817203
2016-06-01,CZ,FALSE,32.15529166666666
2016-07-01,CZ,FALSE,29.479005376344087
2016-08-01,CZ,FALSE,27.634905913978496
2016-09-01,CZ,FALSE,33.427236111111114
2016-10-01,CZ,FALSE,43.43176075268817
2016-11-01,CZ,FALSE,40.01361111111111
2016-12-01,CZ,FALSE,39.31177419354839
2017-01-01,CZ,FALSE,54.30721774193548
2017-02-01,CZ,FALSE,40.60059523809524
2017-03-01,CZ,FALSE,31.665524193548386
2017-04-01,CZ,FALSE,29.625041666666668
2017-05-01,CZ,FALSE,33.6125
2017-06-01,CZ,FALSE,34.87090277777778
2017-07-01,CZ,FALSE,40.253104838709675
2017-08-01,CZ,FALSE,34.101612903225806
2017-09-01,CZ,FALSE,34.71951388888889
2017-10-01,CZ,FALSE,30.34595430107527
2017-11-01,CZ,FALSE,40.72973611111111
2017-12-01,CZ,FALSE,32.74620967741935
2018-01-01,CZ,FALSE,33.12326612903226
2018-02-01,CZ,FALSE,40.99872023809524
2018-03-01,CZ,FALSE,37.724771505376346
2018-04-01,CZ,FALSE,31.806319444444444
2018-05-01,CZ,FALSE,34.575698924731185
2018-06-01,CZ,FALSE,44.022847222222225
2018-07-01,CZ,FALSE,49.72501344086022
2018-08-01,CZ,FALSE,57.747029569892476
2018-09-01,CZ,FALSE,55.84641666666667
2018-10-01,CZ,FALSE,56.179717741935484
2018-11-01,CZ,FALSE,58.61697222222222
2018-12-01,CZ,FALSE,51.684422043010755
2019-01-01,CZ,FALSE,55.38225806451613
2019-02-01,CZ,FALSE,45.10177083333333
2019-03-01,CZ,FALSE,33.02975806451613
2019-04-01,CZ,FALSE,38.011430555555556
2019-05-01,CZ,FALSE,37.873548387096776
2019-06-01,CZ,FALSE,33.84331944444445
2019-07-01,CZ,FALSE,42.04864247311828
2019-08-01,CZ,FALSE,39.77028225806452
2019-09-01,CZ,FALSE,39.730333333333334
2019-10-01,CZ,FALSE,38.72966397849462
2019-11-01,CZ,FALSE,41.989111111111114
2019-12-01,CZ,FALSE,37.26920698924731
2020-01-01,CZ,FALSE,41.811236559139786
2020-02-01,CZ,FALSE,30.537887931034483
2020-03-01,CZ,FALSE,25.414771505376343
2020-04-01,CZ,FALSE,19.243861111111112
2020-05-01,CZ,FALSE,18.096465053763442
2020-06-01,CZ,FALSE,26.342930555555554
2020-07-01,CZ,FALSE,32.76584677419355
2020-08-01,CZ,FALSE,34.58119623655914
2020-09-01,CZ,FALSE,44.89340277777778
2020-10-01,CZ,FALSE,36.35493279569892
2020-11-01,CZ,FALSE,41.67679166666667
2020-12-01,CZ,FALSE,51.49127688172043
2021-01-01,CZ,FALSE,56.15735215053763
2021-02-01,CZ,FALSE,50.676770833333336
2021-03-01,CZ,FALSE,53.73635752688172
2021-04-01,CZ,FALSE,60.27701388888889
2021-05-01,CZ,FALSE,59.28520161290323
2021-06-01,CZ,FALSE,75.14163888888889
2021-07-01,CZ,FALSE,84.99873655913979
2021-08-01,CZ,FALSE,84.99360215053764
2021-09-01,CZ,FALSE,129.7106388888889
2021-10-01,CZ,FALSE,140.62444892473118
2021-11-01,CZ,FALSE,180.30654166666667
2021-12-01,CZ,FALSE,228.58809139784947
2022-01-01,CZ,FALSE,179.7228494623656
2022-02-01,CZ,FALSE,155.02738095238095
2022-03-01,CZ,FALSE,259.82073924731185
2022-04-01,CZ,FALSE,174.35498611111112
2022-05-01,CZ,FALSE,189.02029569892474
2022-06-01,CZ,TRUE,224.9646111111111
2022-07-01,CZ,TRUE,319.6414112903226
2022-08-01,CZ,TRUE,476.72727150537634
2022-09-01,CZ,TRUE,364.4497083333333
2022-10-01,CZ,TRUE,168.04147849462365
2022-11-01,CZ,TRUE,197.07526388888888
2022-12-01,CZ,TRUE,250.42201612903227
2023-01-01,CZ,TRUE,134.80727150537635
2023-02-01,CZ,TRUE,139.2500744047619
2023-03-01,CZ,TRUE,110.69987903225807
2023-04-01,CZ,TRUE,105.7617638888889
2023-05-01,CZ,TRUE,85.22814516129033
2023-06-01,CZ,TRUE,95.7255
2023-07-01,CZ,TRUE,86.92576612903225
2023-08-01,CZ,TRUE,92.51418010752688
2023-09-01,CZ,TRUE,101.84856944444445
2023-10-01,CZ,TRUE,94.27173387096774
2023-11-01,CZ,TRUE,92.84779166666667
2023-12-01,CZ,TRUE,73.0361693548387
2015-01-01,DE,FALSE,31.0468875192604
2015-02-01,DE,FALSE,36.694181547619046
2015-03-01,DE,FALSE,31.297836021505375
2015-04-01,DE,FALSE,29.77859722222222
2015-05-01,DE,FALSE,25.330389784946238
2015-06-01,DE,FALSE,30.10973611111111
2015-07-01,DE,FALSE,34.979677419354836
2015-08-01,DE,FALSE,31.61340053763441
2015-09-01,DE,FALSE,31.88861111111111
2015-10-01,DE,FALSE,39.368897849462364
2015-11-01,DE,FALSE,32.381680555555555
2015-12-01,DE,FALSE,27.785564516129032
2016-01-01,DE,FALSE,29.02537634408602
2016-02-01,DE,FALSE,21.998419540229886
2016-03-01,DE,FALSE,24.299059139784948
2016-04-01,DE,FALSE,24.210125
2016-05-01,DE,FALSE,22.550860215053763
2016-06-01,DE,FALSE,27.704638888888887
2016-07-01,DE,FALSE,27.181115591397848
2016-08-01,DE,FALSE,27.18172043010753
2016-09-01,DE,FALSE,30.51076388888889
2016-10-01,DE,FALSE,37.14176075268817
2016-11-01,DE,FALSE,38.21348611111111
2016-12-01,DE,FALSE,37.47005376344086
2017-01-01,DE,FALSE,52.40514784946237
2017-02-01,DE,FALSE,39.68098214285714
2017-03-01,DE,FALSE,31.69116935483871
2017-04-01,DE,FALSE,28.721180555555556
2017-05-01,DE,FALSE,30.61010752688172
2017-06-01,DE,FALSE,30.004180555555557
2017-07-01,DE,FALSE,33.00557795698925
2017-08-01,DE,FALSE,30.855887096774193
2017-09-01,DE,FALSE,34.298097222222225
2017-10-01,DE,FALSE,28.288655913978495
2017-11-01,DE,FALSE,40.379
2017-12-01,DE,FALSE,30.710497311827957
2018-01-01,DE,FALSE,29.500860215053763
2018-02-01,DE,FALSE,40.122767857142854
2018-03-01,DE,FALSE,37.35938172043011
2018-04-01,DE,FALSE,31.96075
2018-05-01,DE,FALSE,33.65854838709677
2018-06-01,DE,FALSE,42.39336111111111
2018-07-01,DE,FALSE,49.589704301075265
2018-08-01,DE,FALSE,56.215537634408605
2018-09-01,DE,FALSE,54.835
2018-10-01,DE,FALSE,53.08212365591398
2018-11-01,DE,FALSE,56.68083333333333
2018-12-01,DE,FALSE,48.110604838709676
2019-01-01,DE,FALSE,49.413844086021506
2019-02-01,DE,FALSE,42.814613095238094
2019-03-01,DE,FALSE,30.614852150537633
2019-04-01,DE,FALSE,36.97281944444445
2019-05-01,DE,FALSE,37.83208333333334
2019-06-01,DE,FALSE,32.50445833333333
2019-07-01,DE,FALSE,39.71306451612903
2019-08-01,DE,FALSE,36.81869623655914
2019-09-01,DE,FALSE,35.76566666666667
2019-10-01,DE,FALSE,36.94754032258064
2019-11-01,DE,FALSE,41.00483333333333
2019-12-01,DE,FALSE,31.97061827956989
2020-01-01,DE,FALSE,34.97870967741935
2020-02-01,DE,FALSE,21.91183908045977
2020-03-01,DE,FALSE,22.519314516129032
2020-04-01,DE,FALSE,17.049208333333333
2020-05-01,DE,FALSE,17.604879032258065
2020-06-01,DE,FALSE,26.229166666666668
2020-07-01,DE,FALSE,30.07494623655914
2020-08-01,DE,FALSE,34.88970430107527
2020-09-01,DE,FALSE,43.67809722222222
2020-10-01,DE,FALSE,33.955900537634406
2020-11-01,DE,FALSE,38.79651388888889
2020-12-01,DE,FALSE,43.54505376344086
2021-01-01,DE,FALSE,52.793198924731186
2021-02-01,DE,FALSE,48.70690476190476
2021-03-01,DE,FALSE,47.18168010752688
2021-04-01,DE,FALSE,53.657152777777775
2021-05-01,DE,FALSE,53.33150537634408
2021-06-01,DE,FALSE,74.13072222222222
2021-07-01,DE,FALSE,81.29489247311828
2021-08-01,DE,FALSE,82.81185483870968
2021-09-01,DE,FALSE,128.33577777777776
2021-10-01,DE,FALSE,139.54338709677418
2021-11-01,DE,FALSE,176.2458472222222
2021-12-01,DE,FALSE,220.95662634408603
2022-01-01,DE,FALSE,167.8745564516129
2022-02-01,DE,FALSE,128.7774107142857
2022-03-01,DE,FALSE,251.75978494623655
2022-04-01,DE,FALSE,166.00181944444444
2022-05-01,DE,FALSE,177.50618279569892
2022-06-01,DE,TRUE,218.1820138888889
2022-07-01,DE,TRUE,315.2624865591398
2022-08-01,DE,TRUE,465.51416666666665
2022-09-01,DE,TRUE,344.9385555555556
2022-10-01,DE,TRUE,152.7453494623656
2022-11-01,DE,TRUE,173.928
2022-12-01,DE,TRUE,251.21689516129032
2023-01-01,DE,TRUE,117.94370967741935
2023-02-01,DE,TRUE,128.39092261904761
2023-03-01,DE,TRUE,102.40114247311828
2023-04-01,DE,TRUE,100.83248611111111
2023-05-01,DE,TRUE,81.64637096774193
2023-06-01,DE,TRUE,94.83972222222222
2023-07-01,DE,TRUE,77.48279569892473
2023-08-01,DE,TRUE,94.41327956989247
2023-09-01,DE,TRUE,100.7262638888889
2023-10-01,DE,TRUE,87.31630376344086
2023-11-01,DE,TRUE,91.17997222222222
2023-12-01,DE,TRUE,68.37576612903226
2015-01-01,DK,FALSE,27.451008064516127
2015-02-01,DK,FALSE,30.096629464285716
2015-03-01,DK,FALSE,26.987143817204302
2015-04-01,DK,FALSE,26.01045138888889
2015-05-01,DK,FALSE,22.7228561827957
2015-06-01,DK,FALSE,20.323611111111113
2015-07-01,DK,FALSE,13.700557795698925
2015-08-01,DK,FALSE,22.94616935483871
2015-09-01,DK,FALSE,23.255479166666667
2015-10-01,DK,FALSE,26.544596774193547
2015-11-01,DK,FALSE,25.597944444444444
2015-12-01,DK,FALSE,19.26883064516129
2016-01-01,DK,FALSE,27.97171370967742
2016-02-01,DK,FALSE,18.86925287356322
2016-03-01,DK,FALSE,21.47649865591398
2016-04-01,DK,FALSE,22.083159722222224
2016-05-01,DK,FALSE,23.932331989247313
2016-06-01,DK,FALSE,31.146618055555557
2016-07-01,DK,FALSE,27.886780913978495
2016-08-01,DK,FALSE,28.882298387096775
2016-09-01,DK,FALSE,29.983256944444445
2016-10-01,DK,FALSE,34.95359543010753
2016-11-01,DK,FALSE,39.02681944444444
2016-12-01,DK,FALSE,29.952540322580646
2017-01-01,DK,FALSE,32.28620967741936
2017-02-01,DK,FALSE,31.221800595238093
2017-03-01,DK,FALSE,29.490033602150536
2017-04-01,DK,FALSE,28.111847222222224
2017-05-01,DK,FALSE,29.423541666666665
2017-06-01,DK,FALSE,28.59188888888889
2017-07-01,DK,FALSE,31.760396505376345
2017-08-01,DK,FALSE,33.53543682795699
2017-09-01,DK,FALSE,36.050784722222225
2017-10-01,DK,FALSE,29.645611559139784
2017-11-01,DK,FALSE,33.85440277777778
2017-12-01,DK,FALSE,28.434905913978493
2018-01-01,DK,FALSE,31.162647849462367
2018-02-01,DK,FALSE,38.976369047619045
2018-03-01,DK,FALSE,40.45290994623656
2018-04-01,DK,FALSE,35.96843055555556
2018-05-01,DK,FALSE,36.507977150537634
2018-06-01,DK,FALSE,46.80611805555556
2018-07-01,DK,FALSE,52.761122311827954
2018-08-01,DK,FALSE,56.286350806451615
2018-09-01,DK,FALSE,50.82074305555555
2018-10-01,DK,FALSE,49.172916666666666
2018-11-01,DK,FALSE,54.36304861111111
2018-12-01,DK,FALSE,47.88823924731183
2019-01-01,DK,FALSE,51.006236559139786
2019-02-01,DK,FALSE,43.357261904761906
2019-03-01,DK,FALSE,34.59832661290323
2019-04-01,DK,FALSE,39.49717361111111
2019-05-01,DK,FALSE,37.77897849462366
2019-06-01,DK,FALSE,33.23436805555556
2019-07-01,DK,FALSE,38.940524193548384
2019-08-01,DK,FALSE,38.65051075268817
2019-09-01,DK,FALSE,36.36168055555556
2019-10-01,DK,FALSE,39.89542338709678
2019-11-01,DK,FALSE,42.22398611111111
2019-12-01,DK,FALSE,34.687647849462365
2020-01-01,DK,FALSE,26.14508064516129
2020-02-01,DK,FALSE,18.207658045977013
2020-03-01,DK,FALSE,19.117163978494624
2020-04-01,DK,FALSE,15.947375
2020-05-01,DK,FALSE,17.557325268817205
2020-06-01,DK,FALSE,28.02821527777778
2020-07-01,DK,FALSE,25.328931451612902
2020-08-01,DK,FALSE,37.75730510752688
2020-09-01,DK,FALSE,38.96295833333333
2020-10-01,DK,FALSE,26.30119623655914
2020-11-01,DK,FALSE,29.758826388888888
2020-12-01,DK,FALSE,36.921344086021506
2021-01-01,DK,FALSE,50.51992607526882
2021-02-01,DK,FALSE,50.90572916666667
2021-03-01,DK,FALSE,45.90210349462365
2021-04-01,DK,FALSE,47.96927083333333
2021-05-01,DK,FALSE,54.740752688172044
2021-06-01,DK,FALSE,73.704125
2021-07-01,DK,FALSE,80.64201612903226
2021-08-01,DK,FALSE,83.6948252688172
2021-09-01,DK,FALSE,124.52852777777778
2021-10-01,DK,FALSE,111.82149865591398
2021-11-01,DK,FALSE,139.23508333333334
2021-12-01,DK,FALSE,190.10288978494623
2022-01-01,DK,FALSE,114.93260080645162
2022-02-01,DK,FALSE,106.60702380952381
2022-03-01,DK,FALSE,231.7847110215054
2022-04-01,DK,FALSE,158.42575
2022-05-01,DK,FALSE,167.28745967741935
2022-06-01,DK,TRUE,213.98047222222223
2022-07-01,DK,TRUE,254.5194489247312
2022-08-01,DK,TRUE,453.59024865591397
2022-09-01,DK,TRUE,334.6333333333333
2022-10-01,DK,TRUE,137.03595430107526
2022-11-01,DK,TRUE,142.6707361111111
2022-12-01,DK,TRUE,248.8877620967742
2023-01-01,DK,TRUE,106.25424731182795
2023-02-01,DK,TRUE,109.47477678571428
2023-03-01,DK,TRUE,94.1510685483871
2023-04-01,DK,TRUE,90.08361805555556
2023-05-01,DK,TRUE,69.93167338709678
2023-06-01,DK,TRUE,92.10429166666667
2023-07-01,DK,TRUE,64.91495967741936
2023-08-01,DK,TRUE,86.22182123655914
2023-09-01,DK,TRUE,85.1145625
2023-10-01,DK,TRUE,58.26434139784946
2023-11-01,DK,TRUE,84.9066111111111
2023-12-01,DK,TRUE,70.06885080645161
2015-01-01,EE,FALSE,33.83521505376344
2015-02-01,EE,FALSE,33.41636904761905
2015-03-01,EE,FALSE,30.307217741935485
2015-04-01,EE,FALSE,30.499569444444443
2015-05-01,EE,FALSE,32.26966397849463
2015-06-01,EE,FALSE,27.26123611111111
2015-07-01,EE,FALSE,28.041290322580647
2015-08-01,EE,FALSE,31.225120967741937
2015-09-01,EE,FALSE,31.689694444444445
2015-10-01,EE,FALSE,35.02076612903226
2015-11-01,EE,FALSE,32.87961111111111
2015-12-01,EE,FALSE,26.716478494623654
2016-01-01,EE,FALSE,37.631075268817206
2016-02-01,EE,FALSE,28.279367816091955
2016-03-01,EE,FALSE,29.395819892473117
2016-04-01,EE,FALSE,29.728944444444444
2016-05-01,EE,FALSE,28.264005376344087
2016-06-01,EE,FALSE,36.23302777777778
2016-07-01,EE,FALSE,30.963709677419356
2016-08-01,EE,FALSE,31.37681451612903
2016-09-01,EE,FALSE,32.40486111111111
2016-10-01,EE,FALSE,37.572997311827955
2016-11-01,EE,FALSE,40.855583333333335
2016-12-01,EE,FALSE,33.99620967741936
2017-01-01,EE,FALSE,33.274059139784946
2017-02-01,EE,FALSE,35.12805059523809
2017-03-01,EE,FALSE,30.649112903225806
2017-04-01,EE,FALSE,31.17176388888889
2017-05-01,EE,FALSE,30.644354838709678
2017-06-01,EE,FALSE,30.661527777777778
2017-07-01,EE,FALSE,34.33670698924731
2017-08-01,EE,FALSE,36.352782258064515
2017-09-01,EE,FALSE,37.25815277777778
2017-10-01,EE,FALSE,33.44561827956989
2017-11-01,EE,FALSE,33.70322222222222
2017-12-01,EE,FALSE,32.009408602150536
2018-01-01,EE,FALSE,37.11008064516129
2018-02-01,EE,FALSE,43.375997023809525
2018-03-01,EE,FALSE,45.309637096774196
2018-04-01,EE,FALSE,39.81348611111111
2018-05-01,EE,FALSE,38.73037634408602
2018-06-01,EE,FALSE,47.80898611111111
2018-07-01,EE,FALSE,54.06962365591398
2018-08-01,EE,FALSE,55.401747311827954
2018-09-01,EE,FALSE,50.889430555555556
2018-10-01,EE,FALSE,46.36573924731183
2018-11-01,EE,FALSE,52.619347222222224
2018-12-01,EE,FALSE,53.030067204301076
2019-01-01,EE,FALSE,55.79096774193548
2019-02-01,EE,FALSE,47.26474702380953
2019-03-01,EE,FALSE,40.07676075268817
2019-04-01,EE,FALSE,42.10890277777778
2019-05-01,EE,FALSE,42.35130376344086
2019-06-01,EE,FALSE,43.47345833333333
2019-07-01,EE,FALSE,48.970389784946235
2019-08-01,EE,FALSE,49.04918010752688
2019-09-01,EE,FALSE,48.78227777777778
2019-10-01,EE,FALSE,47.68766129032258
2019-11-01,EE,FALSE,45.71993055555556
2019-12-01,EE,FALSE,39.04110215053763
2020-01-01,EE,FALSE,30.818655913978496
2020-02-01,EE,FALSE,28.094640804597702
2020-03-01,EE,FALSE,23.99258064516129
2020-04-01,EE,FALSE,23.68025
2020-05-01,EE,FALSE,25.018091397849464
2020-06-01,EE,FALSE,37.763527777777774
2020-07-01,EE,FALSE,30.169462365591396
2020-08-01,EE,FALSE,40.92439516129032
2020-09-01,EE,FALSE,39.55122222222222
2020-10-01,EE,FALSE,37.65393817204301
2020-11-01,EE,FALSE,40.986
2020-12-01,EE,FALSE,45.49724462365592
2021-01-01,EE,FALSE,53.57005376344086
2021-02-01,EE,FALSE,59.11994047619048
2021-03-01,EE,FALSE,43.508978494623655
2021-04-01,EE,FALSE,43.68936111111111
2021-05-01,EE,FALSE,48.36325268817205
2021-06-01,EE,FALSE,71.81430555555555
2021-07-01,EE,FALSE,83.70456989247312
2021-08-01,EE,FALSE,87.14569892473118
2021-09-01,EE,FALSE,122.36870833333333
2021-10-01,EE,FALSE,105.61389784946236
2021-11-01,EE,FALSE,116.87897222222222
2021-12-01,EE,FALSE,202.54814516129034
2022-01-01,EE,FALSE,141.86075268817206
2022-02-01,EE,FALSE,104.5880505952381
2022-03-01,EE,FALSE,151.15979838709677
2022-04-01,EE,FALSE,100.71475
2022-05-01,EE,FALSE,151.35650537634407
2022-06-01,EE,TRUE,173.74425
2022-07-01,EE,TRUE,233.68970430107527
2022-08-01,EE,TRUE,360.6965322580645
2022-09-01,EE,TRUE,229.41968055555554
2022-10-01,EE,TRUE,174.14612903225807
2022-11-01,EE,TRUE,219.23370833333334
2022-12-01,EE,TRUE,263.0520833333333
2023-01-01,EE,TRUE,99.38157258064516
2023-02-01,EE,TRUE,113.08824404761904
2023-03-01,EE,TRUE,87.08005376344086
2023-04-01,EE,TRUE,65.87947222222222
2023-05-01,EE,TRUE,65.68552419354839
2023-06-01,EE,TRUE,92.228625
2023-07-01,EE,TRUE,79.34943548387096
2023-08-01,EE,TRUE,94.4943682795699
2023-09-01,EE,TRUE,113.18758333333334
2023-10-01,EE,TRUE,87.48698924731183
2023-11-01,EE,TRUE,105.34219444444444
2023-12-01,EE,TRUE,88.90545698924731
2015-01-01,EL,FALSE,56.53499327956989
2015-02-01,EL,FALSE,54.47723214285714
2015-03-01,EL,FALSE,50.764422043010754
2015-04-01,EL,FALSE,45.93682638888889
2015-05-01,EL,FALSE,46.68662634408602
2015-06-01,EL,FALSE,47.68546527777778
2015-07-01,EL,FALSE,58.30291666666667
2015-08-01,EL,FALSE,51.59751344086021
2015-09-01,EL,FALSE,48.76369444444445
2015-10-01,EL,FALSE,46.4034811827957
2015-11-01,EL,FALSE,49.485729166666665
2015-12-01,EL,FALSE,51.74013440860215
2016-01-01,EL,FALSE,44.448676075268814
2016-02-01,EL,FALSE,39.61632183908046
2016-03-01,EL,FALSE,37.12945564516129
2016-04-01,EL,FALSE,35.61920833333333
2016-05-01,EL,FALSE,39.22487231182796
2016-06-01,EL,FALSE,40.816229166666666
2016-07-01,EL,FALSE,41.69782930107527
2016-08-01,EL,FALSE,37.07530241935484
2016-09-01,EL,FALSE,39.355111111111114
2016-10-01,EL,FALSE,44.8873185483871
2016-11-01,EL,FALSE,47.92658333333333
2016-12-01,EL,FALSE,51.30188844086022
2017-01-01,EL,FALSE,66.79422715053764
2017-02-01,EL,FALSE,53.91354166666667
2017-03-01,EL,FALSE,44.63180107526882
2017-04-01,EL,FALSE,43.31540277777778
2017-05-01,EL,FALSE,44.4099126344086
2017-06-01,EL,FALSE,48.87797916666667
2017-07-01,EL,FALSE,49.70130376344086
2017-08-01,EL,FALSE,50.026639784946234
2017-09-01,EL,FALSE,49.68539583333333
2017-10-01,EL,FALSE,52.09502688172043
2017-11-01,EL,FALSE,65.11418055555555
2017-12-01,EL,FALSE,57.28861559139785
2018-01-01,EL,FALSE,53.49130376344086
2018-02-01,EL,FALSE,51.62471726190476
2018-03-01,EL,FALSE,44.229811827956986
2018-04-01,EL,FALSE,50.414791666666666
2018-05-01,EL,FALSE,56.361612903225804
2018-06-01,EL,FALSE,60.68075
2018-07-01,EL,FALSE,64.4443817204301
2018-08-01,EL,FALSE,63.837674731182794
2018-09-01,EL,FALSE,67.05529166666666
2018-10-01,EL,FALSE,71.42655913978494
2018-11-01,EL,FALSE,69.29530555555556
2018-12-01,EL,FALSE,71.2541129032258
2019-01-01,EL,FALSE,75.25135752688172
2019-02-01,EL,FALSE,69.01886904761905
2019-03-01,EL,FALSE,59.85377688172043
2019-04-01,EL,FALSE,62.386375
2019-05-01,EL,FALSE,65.95615591397849
2019-06-01,EL,FALSE,68.08994444444444
2019-07-01,EL,FALSE,62.18965053763441
2019-08-01,EL,FALSE,63.982405913978496
2019-09-01,EL,FALSE,60.951625
2019-10-01,EL,FALSE,63.284838709677416
2019-11-01,EL,FALSE,55.352694444444445
2019-12-01,EL,FALSE,59.703951612903225
2020-01-01,EL,FALSE,58.388306451612905
2020-02-01,EL,FALSE,49.16942528735632
2020-03-01,EL,FALSE,43.599233870967744
2020-04-01,EL,FALSE,28.47676388888889
2020-05-01,EL,FALSE,34.269569892473115
2020-06-01,EL,FALSE,34.08576388888889
2020-07-01,EL,FALSE,41.17135752688172
2020-08-01,EL,FALSE,46.18119623655914
2020-09-01,EL,FALSE,46.52484722222222
2020-10-01,EL,FALSE,47.319610215053764
2020-11-01,EL,FALSE,52.572541666666666
2020-12-01,EL,FALSE,59.003077956989245
2021-01-01,EL,FALSE,52.50677419354839
2021-02-01,EL,FALSE,50.366458333333334
2021-03-01,EL,FALSE,57.64041666666667
2021-04-01,EL,FALSE,64.20118055555555
2021-05-01,EL,FALSE,63.185456989247314
2021-06-01,EL,FALSE,83.5325
2021-07-01,EL,FALSE,102.03260752688172
2021-08-01,EL,FALSE,121.60737903225807
2021-09-01,EL,FALSE,134.719625
2021-10-01,EL,FALSE,198.5222311827957
2021-11-01,EL,FALSE,228.88356944444445
2021-12-01,EL,FALSE,235.3640188172043
2022-01-01,EL,FALSE,227.35110215053763
2022-02-01,EL,FALSE,211.72837797619047
2022-03-01,EL,FALSE,272.31896505376346
2022-04-01,EL,FALSE,246.9095
2022-05-01,EL,FALSE,225.0738575268817
2022-06-01,EL,TRUE,240.82954166666667
2022-07-01,EL,TRUE,338.3160349462366
2022-08-01,EL,TRUE,436.7618010752688
2022-09-01,EL,TRUE,416.40745833333335
2022-10-01,EL,TRUE,232.15522849462366
2022-11-01,EL,TRUE,227.84381944444445
2022-12-01,EL,TRUE,276.9659946236559
2023-01-01,EL,TRUE,191.65743279569892
2023-02-01,EL,TRUE,156.25065476190477
2023-03-01,EL,TRUE,122.75083333333333
2023-04-01,EL,TRUE,120.4405
2023-05-01,EL,TRUE,105.45501344086021
2023-06-01,EL,TRUE,91.59827777777778
2023-07-01,EL,TRUE,112.6339247311828
2023-08-01,EL,TRUE,109.33442204301075
2023-09-01,EL,TRUE,101.93013888888889
2023-10-01,EL,TRUE,111.1578629032258
2023-11-01,EL,TRUE,105.46018055555555
2023-12-01,EL,TRUE,102.20182795698925
2015-01-01,ES,FALSE,51.5430376344086
2015-02-01,ES,FALSE,42.60608630952381
2015-03-01,ES,FALSE,43.08432795698925
2015-04-01,ES,FALSE,45.38505555555555
2015-05-01,ES,FALSE,45.1483064516129
2015-06-01,ES,FALSE,54.74554166666667
2015-07-01,ES,FALSE,59.526747311827954
2015-08-01,ES,FALSE,55.60958333333333
2015-09-01,ES,FALSE,51.87383333333333
2015-10-01,ES,FALSE,49.88583333333333
2015-11-01,ES,FALSE,51.21619444444445
2015-12-01,ES,FALSE,52.586424731182795
2016-01-01,ES,FALSE,36.514932795698925
2016-02-01,ES,FALSE,27.47925287356322
2016-03-01,ES,FALSE,27.793239247311828
2016-04-01,ES,FALSE,24.098375
2016-05-01,ES,FALSE,25.812056451612904
2016-06-01,ES,FALSE,38.924347222222224
2016-07-01,ES,FALSE,40.51584677419355
2016-08-01,ES,FALSE,41.14416666666666
2016-09-01,ES,FALSE,43.60475
2016-10-01,ES,FALSE,52.84755376344086
2016-11-01,ES,FALSE,56.146375
2016-12-01,ES,FALSE,60.48635752688172
2017-01-01,ES,FALSE,71.50611559139784
2017-02-01,ES,FALSE,51.703630952380955
2017-03-01,ES,FALSE,43.16017473118279
2017-04-01,ES,FALSE,43.68673611111111
2017-05-01,ES,FALSE,47.17415322580645
2017-06-01,ES,FALSE,50.20333333333333
2017-07-01,ES,FALSE,48.632217741935484
2017-08-01,ES,FALSE,47.44994623655914
2017-09-01,ES,FALSE,49.160916666666665
2017-10-01,ES,FALSE,56.784408602150535
2017-11-01,ES,FALSE,59.21825
2017-12-01,ES,FALSE,57.85362903225806
2018-01-01,ES,FALSE,50.0509811827957
2018-02-01,ES,FALSE,54.86732142857143
2018-03-01,ES,FALSE,40.156155913978495
2018-04-01,ES,FALSE,42.685291666666664
2018-05-01,ES,FALSE,54.98024193548387
2018-06-01,ES,FALSE,58.44956944444444
2018-07-01,ES,FALSE,61.87819892473118
2018-08-01,ES,FALSE,64.34020161290323
2018-09-01,ES,FALSE,71.25444444444445
2018-10-01,ES,FALSE,65.10649193548387
2018-11-01,ES,FALSE,61.96447222222222
2018-12-01,ES,FALSE,61.80711021505376
2019-01-01,ES,FALSE,61.959852150537635
2019-02-01,ES,FALSE,54.02049107142857
2019-03-01,ES,FALSE,48.83611559139785
2019-04-01,ES,FALSE,50.40361111111111
2019-05-01,ES,FALSE,48.39399193548387
2019-06-01,ES,FALSE,47.16123611111111
2019-07-01,ES,FALSE,51.464301075268814
2019-08-01,ES,FALSE,44.95181451612903
2019-09-01,ES,FALSE,42.13011111111111
2019-10-01,ES,FALSE,47.1523252688172
2019-11-01,ES,FALSE,42.18718055555556
2019-12-01,ES,FALSE,33.809368279569895
2020-01-01,ES,FALSE,41.080094086021504
2020-02-01,ES,FALSE,35.855704022988505
2020-03-01,ES,FALSE,27.737002688172044
2020-04-01,ES,FALSE,17.60902777777778
2020-05-01,ES,FALSE,21.33369623655914
2020-06-01,ES,FALSE,30.63211111111111
2020-07-01,ES,FALSE,34.623306451612905
2020-08-01,ES,FALSE,36.21193548387097
2020-09-01,ES,FALSE,41.94605555555555
2020-10-01,ES,FALSE,36.54693548387097
2020-11-01,ES,FALSE,41.96422222222222
2020-12-01,ES,FALSE,41.9715188172043
2021-01-01,ES,FALSE,60.099556451612905
2021-02-01,ES,FALSE,28.542514880952382
2021-03-01,ES,FALSE,45.48087365591398
2021-04-01,ES,FALSE,65.06147222222222
2021-05-01,ES,FALSE,67.18366935483871
2021-06-01,ES,FALSE,83.31108333333333
2021-07-01,ES,FALSE,92.36961021505377
2021-08-01,ES,FALSE,106.08122311827957
2021-09-01,ES,FALSE,156.40465277777778
2021-10-01,ES,FALSE,199.67299731182797
2021-11-01,ES,FALSE,193.72338888888888
2021-12-01,ES,FALSE,238.97243279569892
2022-01-01,ES,FALSE,201.8016801075269
2022-02-01,ES,FALSE,200.30928571428572
2022-03-01,ES,FALSE,283.1902284946237
2022-04-01,ES,FALSE,191.51891666666666
2022-05-01,ES,FALSE,187.1648387096774
2022-06-01,ES,TRUE,218.59304166666666
2022-07-01,ES,TRUE,258.12697580645164
2022-08-01,ES,TRUE,308.7251612903226
2022-09-01,ES,TRUE,243.79393055555556
2022-10-01,ES,TRUE,163.09385752688172
2022-11-01,ES,TRUE,124.44794444444445
2022-12-01,ES,TRUE,135.086061827957
2023-01-01,ES,TRUE,71.07563172043011
2023-02-01,ES,TRUE,132.0730505952381
2023-03-01,ES,TRUE,89.57653225806452
2023-04-01,ES,TRUE,73.8218611111111
2023-05-01,ES,TRUE,74.16970430107527
2023-06-01,ES,TRUE,93.05493055555556
2023-07-01,ES,TRUE,90.46205645161291
2023-08-01,ES,TRUE,96.09333333333333
2023-09-01,ES,TRUE,103.35858333333333
2023-10-01,ES,TRUE,89.84059139784947
2023-11-01,ES,TRUE,63.570861111111114
2023-12-01,ES,TRUE,72.11541666666666
2015-01-01,FI,FALSE,33.80120967741936
2015-02-01,FI,FALSE,33.16822916666667
2015-03-01,FI,FALSE,29.41622311827957
2015-04-01,FI,FALSE,30.094819444444443
2015-05-01,FI,FALSE,25.83959677419355
2015-06-01,FI,FALSE,21.520805555555555
2015-07-01,FI,FALSE,27.55087365591398
2015-08-01,FI,FALSE,31.15
2015-09-01,FI,FALSE,31.74170833333333
2015-10-01,FI,FALSE,33.53639784946237
2015-11-01,FI,FALSE,31.736541666666668
2015-12-01,FI,FALSE,26.553333333333335
2016-01-01,FI,FALSE,37.82639784946237
2016-02-01,FI,FALSE,26.091020114942527
2016-03-01,FI,FALSE,27.08752688172043
2016-04-01,FI,FALSE,27.249458333333333
2016-05-01,FI,FALSE,28.06638440860215
2016-06-01,FI,FALSE,35.42066666666667
2016-07-01,FI,FALSE,30.963709677419356
2016-08-01,FI,FALSE,31.37681451612903
2016-09-01,FI,FALSE,32.52345833333333
2016-10-01,FI,FALSE,37.57298387096774
2016-11-01,FI,FALSE,41.01119444444444
2016-12-01,FI,FALSE,33.985389784946236
2017-01-01,FI,FALSE,33.30028225806451
2017-02-01,FI,FALSE,35.067083333333336
2017-03-01,FI,FALSE,30.66997311827957
2017-04-01,FI,FALSE,31.397708333333334
2017-05-01,FI,FALSE,30.662634408602152
2017-06-01,FI,FALSE,30.64690277777778
2017-07-01,FI,FALSE,34.175766129032255
2017-08-01,FI,FALSE,36.295725806451614
2017-09-01,FI,FALSE,37.25816666666667
2017-10-01,FI,FALSE,33.43465053763441
2017-11-01,FI,FALSE,33.66965277777778
2017-12-01,FI,FALSE,31.913548387096775
2018-01-01,FI,FALSE,37.0802688172043
2018-02-01,FI,FALSE,43.375997023809525
2018-03-01,FI,FALSE,45.59383064516129
2018-04-01,FI,FALSE,40.13813888888889
2018-05-01,FI,FALSE,38.69727150537634
2018-06-01,FI,FALSE,47.18325
2018-07-01,FI,FALSE,54.01237903225807
2018-08-01,FI,FALSE,55.503024193548384
2018-09-01,FI,FALSE,50.95979166666667
2018-10-01,FI,FALSE,46.35932795698925
2018-11-01,FI,FALSE,50.08190277777778
2018-12-01,FI,FALSE,52.29592741935484
2019-01-01,FI,FALSE,55.80630376344086
2019-02-01,FI,FALSE,46.74778273809524
2019-03-01,FI,FALSE,39.98435483870968
2019-04-01,FI,FALSE,41.36966666666667
2019-05-01,FI,FALSE,39.86294354838709
2019-06-01,FI,FALSE,30.72586111111111
2019-07-01,FI,FALSE,45.96295698924731
2019-08-01,FI,FALSE,48.743924731182794
2019-09-01,FI,FALSE,48.75538888888889
2019-10-01,FI,FALSE,46.36018817204301
2019-11-01,FI,FALSE,45.71213888888889
2019-12-01,FI,FALSE,38.403091397849465
2020-01-01,FI,FALSE,27.144516129032258
2020-02-01,FI,FALSE,24.44028735632184
2020-03-01,FI,FALSE,20.353360215053762
2020-04-01,FI,FALSE,19.80645833333333
2020-05-01,FI,FALSE,19.461922043010752
2020-06-01,FI,FALSE,28.246319444444445
2020-07-01,FI,FALSE,20.273131720430108
2020-08-01,FI,FALSE,40.565981182795696
2020-09-01,FI,FALSE,37.779291666666666
2020-10-01,FI,FALSE,31.080645161290324
2020-11-01,FI,FALSE,27.635708333333334
2020-12-01,FI,FALSE,39.270806451612906
2021-01-01,FI,FALSE,51.246411290322584
2021-02-01,FI,FALSE,57.095982142857146
2021-03-01,FI,FALSE,38.3190188172043
2021-04-01,FI,FALSE,36.8335
2021-05-01,FI,FALSE,45.90395161290323
2021-06-01,FI,FALSE,56.176833333333335
2021-07-01,FI,FALSE,78.79040322580646
2021-08-01,FI,FALSE,68.13717741935484
2021-09-01,FI,FALSE,89.3013888888889
2021-10-01,FI,FALSE,64.846989247311825
2021-11-01,FI,FALSE,86.05402777777778
2021-12-01,FI,FALSE,193.27389784946237
2022-01-01,FI,FALSE,106.83190860215053
2022-02-01,FI,FALSE,80.85342261904762
2022-03-01,FI,FALSE,86.63418010752689
2022-04-01,FI,FALSE,79.415625
2022-05-01,FI,FALSE,132.34818548387096
2022-06-01,FI,TRUE,140.32986111111111
2022-07-01,FI,TRUE,183.9196639784946
2022-08-01,FI,TRUE,261.5330107526882
2022-09-01,FI,TRUE,215.46423611111112
2022-10-01,FI,TRUE,113.21049731182795
2022-11-01,FI,TRUE,195.62152777777777
2022-12-01,FI,TRUE,245.6016935483871
2023-01-01,FI,TRUE,78.87094086021506
2023-02-01,FI,TRUE,80.04336309523809
2023-03-01,FI,TRUE,74.13439516129033
2023-04-01,FI,TRUE,60.53856944444444
2023-05-01,FI,TRUE,26.520752688172042
2023-06-01,FI,TRUE,43.43201388888889
2023-07-01,FI,TRUE,32.93271505376344
2023-08-01,FI,TRUE,66.42325268817204
2023-09-01,FI,TRUE,32.748041666666666
2023-10-01,FI,TRUE,37.69977150537635
2023-11-01,FI,TRUE,69.77479166666667
2023-12-01,FI,TRUE,76.19247311827957
2015-01-01,HU,FALSE,42.15952956989247
2015-02-01,HU,FALSE,41.271815476190476
2015-03-01,HU,FALSE,35.63932795698925
2015-04-01,HU,FALSE,34.109069444444444
2015-05-01,HU,FALSE,29.6269623655914
2015-06-01,HU,FALSE,33.94768055555556
2015-07-01,HU,FALSE,52.3470564516129
2015-08-01,HU,FALSE,42.56165322580645
2015-09-01,HU,FALSE,47.534638888888885
2015-10-01,HU,FALSE,44.12583333333333
2015-11-01,HU,FALSE,41.51386111111111
2015-12-01,HU,FALSE,42.27908602150538
2016-01-01,HU,FALSE,43.09215053763441
2016-02-01,HU,FALSE,26.404655172413793
2016-03-01,HU,FALSE,25.837311827956988
2016-04-01,HU,FALSE,29.172819444444443
2016-05-01,HU,FALSE,27.173279569892472
2016-06-01,HU,FALSE,32.77625
2016-07-01,HU,FALSE,35.156397849462365
2016-08-01,HU,FALSE,33.010846774193546
2016-09-01,HU,FALSE,36.48486111111111
2016-10-01,HU,FALSE,45.60057795698925
2016-11-01,HU,FALSE,40.63579166666667
2016-12-01,HU,FALSE,49.17108870967742
2017-01-01,HU,FALSE,81.23326612903226
2017-02-01,HU,FALSE,55.56427083333333
2017-03-01,HU,FALSE,37.90963709677419
2017-04-01,HU,FALSE,39.607638888888886
2017-05-01,HU,FALSE,42.78930107526882
2017-06-01,HU,FALSE,43.92498611111111
2017-07-01,HU,FALSE,51.88361559139785
2017-08-01,HU,FALSE,58.26518817204301
2017-09-01,HU,FALSE,42.843986111111114
2017-10-01,HU,FALSE,49.7490188172043
2017-11-01,HU,FALSE,60.47858333333333
2017-12-01,HU,FALSE,39.97646505376344
2018-01-01,HU,FALSE,36.308104838709674
2018-02-01,HU,FALSE,41.663630952380956
2018-03-01,HU,FALSE,40.39893817204301
2018-04-01,HU,FALSE,31.87173611111111
2018-05-01,HU,FALSE,42.2744623655914
2018-06-01,HU,FALSE,51.255472222222224
2018-07-01,HU,FALSE,50.987016129032256
2018-08-01,HU,FALSE,60.47731182795699
2018-09-01,HU,FALSE,62.89811111111111
2018-10-01,HU,FALSE,64.49299731182796
2018-11-01,HU,FALSE,63.68988888888889
2018-12-01,HU,FALSE,65.04818548387097
2019-01-01,HU,FALSE,73.22564516129032
2019-02-01,HU,FALSE,49.53610119047619
2019-03-01,HU,FALSE,39.689354838709676
2019-04-01,HU,FALSE,46.480583333333335
2019-05-01,HU,FALSE,42.121868279569895
2019-06-01,HU,FALSE,41.30675
2019-07-01,HU,FALSE,54.99909946236559
2019-08-01,HU,FALSE,58.7089247311828
2019-09-01,HU,FALSE,55.69244444444445
2019-10-01,HU,FALSE,56.93733870967742
2019-11-01,HU,FALSE,43.92948611111111
2019-12-01,HU,FALSE,41.077298387096775
2020-01-01,HU,FALSE,52.96469086021505
2020-02-01,HU,FALSE,39.83551724137931
2020-03-01,HU,FALSE,29.749556451612904
2020-04-01,HU,FALSE,25.32397222222222
2020-05-01,HU,FALSE,23.574583333333333
2020-06-01,HU,FALSE,30.016083333333334
2020-07-01,HU,FALSE,36.68809139784946
2020-08-01,HU,FALSE,37.62548387096774
2020-09-01,HU,FALSE,45.71933333333333
2020-10-01,HU,FALSE,39.32459677419355
2020-11-01,HU,FALSE,48.91661111111111
2020-12-01,HU,FALSE,58.18676075268817
2021-01-01,HU,FALSE,56.39081989247312
2021-02-01,HU,FALSE,50.863080357142856
2021-03-01,HU,FALSE,55.04787634408602
2021-04-01,HU,FALSE,62.972972222222225
2021-05-01,HU,FALSE,59.939301075268816
2021-06-01,HU,FALSE,77.93801388888889
2021-07-01,HU,FALSE,95.14994623655915
2021-08-01,HU,FALSE,109.05923387096774
2021-09-01,HU,FALSE,135.12931944444443
2021-10-01,HU,FALSE,197.2924193548387
2021-11-01,HU,FALSE,215.91033333333334
2021-12-01,HU,FALSE,245.70141129032257
2022-01-01,HU,FALSE,204.9219623655914
2022-02-01,HU,FALSE,194.2933630952381
2022-03-01,HU,FALSE,285.2258870967742
2022-04-01,HU,FALSE,189.45218055555554
2022-05-01,HU,FALSE,204.8667876344086
2022-06-01,HU,TRUE,237.06476388888888
2022-07-01,HU,TRUE,371.23219086021504
2022-08-01,HU,TRUE,495.65235215053764
2022-09-01,HU,TRUE,390.41516666666666
2022-10-01,HU,TRUE,193.91407258064515
2022-11-01,HU,TRUE,223.0082361111111
2022-12-01,HU,TRUE,260.77619623655914
2023-01-01,HU,TRUE,148.79853494623657
2023-02-01,HU,TRUE,146.26520833333333
2023-03-01,HU,TRUE,113.22872311827958
2023-04-01,HU,TRUE,106.80041666666666
2023-05-01,HU,TRUE,88.12256720430108
2023-06-01,HU,TRUE,96.6817361111111
2023-07-01,HU,TRUE,94.86493279569892
2023-08-01,HU,TRUE,100.4680376344086
2023-09-01,HU,TRUE,103.81688888888888
2023-10-01,HU,TRUE,104.86924731182796
2023-11-01,HU,TRUE,99.43333333333334
2023-12-01,HU,TRUE,81.57248655913979
2015-01-01,IT,FALSE,52.24777304450286
2015-02-01,IT,FALSE,53.90392156862745
2015-03-01,IT,FALSE,48.822709519291585
2015-04-01,IT,FALSE,47.242023692810456
2015-05-01,IT,FALSE,48.804433902593296
2015-06-01,IT,FALSE,48.75864460784314
2015-07-01,IT,FALSE,65.92210863377609
2015-08-01,IT,FALSE,53.54026644528779
2015-09-01,IT,FALSE,128.84712173202615
2015-10-01,IT,FALSE,107.33966592873709
2015-11-01,IT,FALSE,54.302103758169935
2015-12-01,IT,FALSE,54.539986559139784
2016-01-01,IT,FALSE,44.66423149905123
2016-02-01,IT,FALSE,36.786046315077755
2016-03-01,IT,FALSE,35.099233870967744
2016-04-01,IT,FALSE,32.397540849673206
2016-05-01,IT,FALSE,120.3289927261227
2016-06-01,IT,FALSE,111.47830718954248
2016-07-01,IT,FALSE,43.137246995572426
2016-08-01,IT,FALSE,37.756993991144846
2016-09-01,IT,FALSE,42.63636437908497
2016-10-01,IT,FALSE,69.12694655281467
2016-11-01,IT,FALSE,56.021598474945534
2016-12-01,IT,FALSE,54.49296410499684
2017-01-01,IT,FALSE,67.26057716635042
2017-02-01,IT,FALSE,54.35309086134454
2017-03-01,IT,FALSE,48.75000474383302
2017-04-01,IT,FALSE,43.643737745098036
2017-05-01,IT,FALSE,44.15365117014548
2017-06-01,IT,FALSE,48.73454901960784
2017-07-01,IT,FALSE,54.66109898798229
2017-08-01,IT,FALSE,56.16652909550917
2017-09-01,IT,FALSE,121.82910702614379
2017-10-01,IT,FALSE,124.90460863377609
2017-11-01,IT,FALSE,63.37451225490196
2017-12-01,IT,FALSE,63.777345232447814
2018-01-01,IT,FALSE,50.08777777777778
2018-02-01,IT,FALSE,56.85226314484127
2018-03-01,IT,FALSE,54.560871415770606
2018-04-01,IT,FALSE,50.855041666666665
2018-05-01,IT,FALSE,55.99195788530466
2018-06-01,IT,FALSE,61.39857175925926
2018-07-01,IT,FALSE,65.01520497311827
2018-08-01,IT,FALSE,70.42171258960573
2018-09-01,IT,FALSE,119.44148148148147
2018-10-01,IT,FALSE,86.16363463261649
2018-11-01,IT,FALSE,65.7790636574074
2018-12-01,IT,FALSE,67.43972222222222
2019-01-01,IT,FALSE,66.99683243727598
2019-02-01,IT,FALSE,57.30772156084656
2019-03-01,IT,FALSE,51.48547192353644
2019-04-01,IT,FALSE,53.53462962962963
2019-05-01,IT,FALSE,51.55408602150538
2019-06-01,IT,FALSE,53.5872700617284
2019-07-01,IT,FALSE,53.836182795698925
2019-08-01,IT,FALSE,53.45841696535245
2019-09-01,IT,FALSE,147.68968827160495
2019-10-01,IT,FALSE,68.51829898446834
2019-11-01,IT,FALSE,48.65963580246913
2019-12-01,IT,FALSE,44.50483572281959
2020-01-01,IT,FALSE,48.91297192353644
2020-02-01,IT,FALSE,39.84420498084291
2020-03-01,IT,FALSE,56.6827688172043
2020-04-01,IT,FALSE,24.999547839506175
2020-05-01,IT,FALSE,23.14751045400239
2020-06-01,IT,FALSE,28.276052469135802
2020-07-01,IT,FALSE,43.41990740740741
2020-08-01,IT,FALSE,41.838266129032256
2020-09-01,IT,FALSE,157.64155555555556
2020-10-01,IT,FALSE,45.37372311827957
2020-11-01,IT,FALSE,50.202839506172836
2020-12-01,IT,FALSE,53.79403225806452
2021-01-01,IT,FALSE,63.242677718040625
2021-02-01,IT,FALSE,55.36562665343915
2021-03-01,IT,FALSE,60.504523596176824
2021-04-01,IT,FALSE,68.6649799382716
2021-05-01,IT,FALSE,69.71043757467145
2021-06-01,IT,FALSE,87.0220462962963
2021-07-01,IT,FALSE,104.94241636798088
2021-08-01,IT,FALSE,116.33962813620072
2021-09-01,IT,FALSE,172.23862654320988
2021-10-01,IT,FALSE,298.8567667264038
2021-11-01,IT,FALSE,228.19859722222222
2021-12-01,IT,FALSE,274.9178285543608
2022-01-01,IT,FALSE,222.91262992831543
2022-02-01,IT,FALSE,210.82382605820106
2022-03-01,IT,FALSE,303.8761155913979
2022-04-01,IT,FALSE,242.5861111111111
2022-05-01,IT,FALSE,230.54386051373956
2022-06-01,IT,TRUE,269.4753950617284
2022-07-01,IT,TRUE,432.2043100358423
2022-08-01,IT,TRUE,529.1871251493429
2022-09-01,IT,TRUE,470.7768024691358
2022-10-01,IT,TRUE,316.704640083632
2022-11-01,IT,TRUE,218.86846450617284
2022-12-01,IT,TRUE,281.97672043010755
2023-01-01,IT,TRUE,170.46875149342893
2023-02-01,IT,TRUE,161.56136739417988
2023-03-01,IT,TRUE,129.73465501792114
2023-04-01,IT,TRUE,134.22321141975308
2023-05-01,IT,TRUE,105.27071087216248
2023-06-01,IT,TRUE,105.40207870370371
2023-07-01,IT,TRUE,113.22160991636798
2023-08-01,IT,TRUE,111.91610663082437
2023-09-01,IT,TRUE,226.3850864197531
2023-10-01,IT,TRUE,167.56296445639188
2023-11-01,IT,TRUE,121.62621604938272
2023-12-01,IT,TRUE,114.22211320191158
2015-01-01,LT,FALSE,39.77708333333333
2015-02-01,LT,FALSE,39.44267857142857
2015-03-01,LT,FALSE,32.20712365591398
2015-04-01,LT,FALSE,35.60827777777778
2015-05-01,LT,FALSE,37.3527688172043
2015-06-01,LT,FALSE,42.77984722222222
2015-07-01,LT,FALSE,44.2484811827957
2015-08-01,LT,FALSE,46.44384408602151
2015-09-01,LT,FALSE,44.27368055555556
2015-10-01,LT,FALSE,56.515040322580646
2015-11-01,LT,FALSE,45.836333333333336
2015-12-01,LT,FALSE,38.354838709677416
2016-01-01,LT,FALSE,50.306424731182794
2016-02-01,LT,FALSE,29.648764367816092
2016-03-01,LT,FALSE,30.793521505376344
2016-04-01,LT,FALSE,33.03727777777778
2016-05-01,LT,FALSE,32.868897849462364
2016-06-01,LT,FALSE,40.54430555555555
2016-07-01,LT,FALSE,39.21520161290323
2016-08-01,LT,FALSE,33.775739247311826
2016-09-01,LT,FALSE,34.03622222222222
2016-10-01,LT,FALSE,38.50659946236559
2016-11-01,LT,FALSE,40.56554166666667
2016-12-01,LT,FALSE,34.775524193548385
2017-01-01,LT,FALSE,36.889717741935485
2017-02-01,LT,FALSE,36.45037202380952
2017-03-01,LT,FALSE,31.260322580645163
2017-04-01,LT,FALSE,31.420833333333334
2017-05-01,LT,FALSE,32.44956989247312
2017-06-01,LT,FALSE,38.37034722222222
2017-07-01,LT,FALSE,36.285564516129035
2017-08-01,LT,FALSE,37.29784946236559
2017-09-01,LT,FALSE,37.77925
2017-10-01,LT,FALSE,34.35775537634409
2017-11-01,LT,FALSE,36.19969444444445
2017-12-01,LT,FALSE,33.05576612903226
2018-01-01,LT,FALSE,37.61685483870968
2018-02-01,LT,FALSE,43.508244047619044
2018-03-01,LT,FALSE,46.07658602150538
2018-04-01,LT,FALSE,40.1105
2018-05-01,LT,FALSE,43.760336021505374
2018-06-01,LT,FALSE,51.06301388888889
2018-07-01,LT,FALSE,54.5677688172043
2018-08-01,LT,FALSE,59.05193548387097
2018-09-01,LT,FALSE,59.06775
2018-10-01,LT,FALSE,55.69630376344086
2018-11-01,LT,FALSE,55.42241666666666
2018-12-01,LT,FALSE,53.59676075268817
2019-01-01,LT,FALSE,56.529825268817206
2019-02-01,LT,FALSE,46.953065476190474
2019-03-01,LT,FALSE,39.96680107526882
2019-04-01,LT,FALSE,43.444472222222224
2019-05-01,LT,FALSE,44.13881720430108
2019-06-01,LT,FALSE,44.67
2019-07-01,LT,FALSE,48.986747311827955
2019-08-01,LT,FALSE,49.338024193548385
2019-09-01,LT,FALSE,48.804972222222226
2019-10-01,LT,FALSE,46.98811827956989
2019-11-01,LT,FALSE,44.698972222222224
2019-12-01,LT,FALSE,38.95915322580645
2020-01-01,LT,FALSE,30.818655913978496
2020-02-01,LT,FALSE,27.75889367816092
2020-03-01,LT,FALSE,23.968010752688173
2020-04-01,LT,FALSE,23.296083333333332
2020-05-01,LT,FALSE,24.5152688172043
2020-06-01,LT,FALSE,38.64425
2020-07-01,LT,FALSE,31.77244623655914
2020-08-01,LT,FALSE,43.347150537634406
2020-09-01,LT,FALSE,39.43633333333333
2020-10-01,LT,FALSE,37.75985215053763
2020-11-01,LT,FALSE,41.185402777777774
2020-12-01,LT,FALSE,45.755940860215055
2021-01-01,LT,FALSE,53.65866935483871
2021-02-01,LT,FALSE,59.276473214285716
2021-03-01,LT,FALSE,47.99090053763441
2021-04-01,LT,FALSE,44.810375
2021-05-01,LT,FALSE,50.378588709677416
2021-06-01,LT,FALSE,77.78602777777778
2021-07-01,LT,FALSE,88.2491935483871
2021-08-01,LT,FALSE,87.85059139784946
2021-09-01,LT,FALSE,123.93326388888889
2021-10-01,LT,FALSE,108.91602150537635
2021-11-01,LT,FALSE,127.91077777777778
2021-12-01,LT,FALSE,212.1113306451613
2022-01-01,LT,FALSE,146.01452956989246
2022-02-01,LT,FALSE,104.66544642857143
2022-03-01,LT,FALSE,170.0631317204301
2022-04-01,LT,FALSE,116.51902777777778
2022-05-01,LT,FALSE,164.861061827957
2022-06-01,LT,TRUE,223.382875
2022-07-01,LT,TRUE,305.3799059139785
2022-08-01,LT,TRUE,480.5012365591398
2022-09-01,LT,TRUE,359.38065277777775
2022-10-01,LT,TRUE,189.21139784946237
2022-11-01,LT,TRUE,226.86859722222223
2022-12-01,LT,TRUE,263.88486559139784
2023-01-01,LT,TRUE,103.1697311827957
2023-02-01,LT,TRUE,114.6607886904762
2023-03-01,LT,TRUE,88.59099462365592
2023-04-01,LT,TRUE,67.25769444444444
2023-05-01,LT,TRUE,78.14209677419355
2023-06-01,LT,TRUE,98.85044444444445
2023-07-01,LT,TRUE,83.63030913978494
2023-08-01,LT,TRUE,102.59883064516129
2023-09-01,LT,TRUE,117.01369444444444
2023-10-01,LT,TRUE,87.48698924731183
2023-11-01,LT,TRUE,105.34219444444444
2023-12-01,LT,TRUE,88.90545698924731
2015-01-01,LU,FALSE,31.0468875192604
2015-02-01,LU,FALSE,36.694181547619046
2015-03-01,LU,FALSE,31.297836021505375
2015-04-01,LU,FALSE,29.77859722222222
2015-05-01,LU,FALSE,25.330389784946238
2015-06-01,LU,FALSE,30.10973611111111
2015-07-01,LU,FALSE,34.979677419354836
2015-08-01,LU,FALSE,31.61340053763441
2015-09-01,LU,FALSE,31.88861111111111
2015-10-01,LU,FALSE,39.368897849462364
2015-11-01,LU,FALSE,32.381680555555555
2015-12-01,LU,FALSE,27.785564516129032
2016-01-01,LU,FALSE,29.02537634408602
2016-02-01,LU,FALSE,21.998419540229886
2016-03-01,LU,FALSE,24.299059139784948
2016-04-01,LU,FALSE,24.210125
2016-05-01,LU,FALSE,22.550860215053763
2016-06-01,LU,FALSE,27.704638888888887
2016-07-01,LU,FALSE,27.181115591397848
2016-08-01,LU,FALSE,27.18172043010753
2016-09-01,LU,FALSE,30.51076388888889
2016-10-01,LU,FALSE,37.14176075268817
2016-11-01,LU,FALSE,38.21348611111111
2016-12-01,LU,FALSE,37.47005376344086
2017-01-01,LU,FALSE,52.40514784946237
2017-02-01,LU,FALSE,39.68098214285714
2017-03-01,LU,FALSE,31.69116935483871
2017-04-01,LU,FALSE,28.721180555555556
2017-05-01,LU,FALSE,30.61010752688172
2017-06-01,LU,FALSE,30.004180555555557
2017-07-01,LU,FALSE,33.00557795698925
2017-08-01,LU,FALSE,30.855887096774193
2017-09-01,LU,FALSE,34.298097222222225
2017-10-01,LU,FALSE,28.288655913978495
2017-11-01,LU,FALSE,40.379
2017-12-01,LU,FALSE,30.710497311827957
2018-01-01,LU,FALSE,29.500860215053763
2018-02-01,LU,FALSE,40.122767857142854
2018-03-01,LU,FALSE,37.35938172043011
2018-04-01,LU,FALSE,31.96075
2018-05-01,LU,FALSE,33.65854838709677
2018-06-01,LU,FALSE,42.39336111111111
2018-07-01,LU,FALSE,49.589704301075265
2018-08-01,LU,FALSE,56.215537634408605
2018-09-01,LU,FALSE,54.835
2018-10-01,LU,FALSE,53.08212365591398
2018-11-01,LU,FALSE,56.68083333333333
2018-12-01,LU,FALSE,48.110604838709676
2019-01-01,LU,FALSE,49.413844086021506
2019-02-01,LU,FALSE,42.814613095238094
2019-03-01,LU,FALSE,30.614852150537633
2019-04-01,LU,FALSE,36.97281944444445
2019-05-01,LU,FALSE,37.83208333333334
2019-06-01,LU,FALSE,32.50445833333333
2019-07-01,LU,FALSE,39.71306451612903
2019-08-01,LU,FALSE,36.81869623655914
2019-09-01,LU,FALSE,35.76566666666667
2019-10-01,LU,FALSE,36.94754032258064
2019-11-01,LU,FALSE,41.00483333333333
2019-12-01,LU,FALSE,31.97061827956989
2020-01-01,LU,FALSE,34.97870967741935
2020-02-01,LU,FALSE,21.91183908045977
2020-03-01,LU,FALSE,22.519314516129032
2020-04-01,LU,FALSE,17.049194444444446
2020-05-01,LU,FALSE,17.604879032258065
2020-06-01,LU,FALSE,26.229166666666668
2020-07-01,LU,FALSE,30.07494623655914
2020-08-01,LU,FALSE,34.88970430107527
2020-09-01,LU,FALSE,43.67809722222222
2020-10-01,LU,FALSE,33.955900537634406
2020-11-01,LU,FALSE,38.79651388888889
2020-12-01,LU,FALSE,43.54505376344086
2021-01-01,LU,FALSE,52.793198924731186
2021-02-01,LU,FALSE,48.70690476190476
2021-03-01,LU,FALSE,47.18168010752688
2021-04-01,LU,FALSE,53.657152777777775
2021-05-01,LU,FALSE,53.33150537634408
2021-06-01,LU,FALSE,74.13072222222222
2021-07-01,LU,FALSE,81.29489247311828
2021-08-01,LU,FALSE,82.81185483870968
2021-09-01,LU,FALSE,128.33577777777776
2021-10-01,LU,FALSE,139.54338709677418
2021-11-01,LU,FALSE,176.2458472222222
2021-12-01,LU,FALSE,220.95662634408603
2022-01-01,LU,FALSE,167.8745564516129
2022-02-01,LU,FALSE,128.7774107142857
2022-03-01,LU,FALSE,251.75978494623655
2022-04-01,LU,FALSE,166.00181944444444
2022-05-01,LU,FALSE,177.50618279569892
2022-06-01,LU,TRUE,218.1820138888889
2022-07-01,LU,TRUE,315.2624865591398
2022-08-01,LU,TRUE,465.51416666666665
2022-09-01,LU,TRUE,344.9385555555556
2022-10-01,LU,TRUE,152.7453494623656
2022-11-01,LU,TRUE,173.928
2022-12-01,LU,TRUE,251.21689516129032
2023-01-01,LU,TRUE,117.94370967741935
2023-02-01,LU,TRUE,128.39092261904761
2023-03-01,LU,TRUE,102.40114247311828
2023-04-01,LU,TRUE,100.83248611111111
2023-05-01,LU,TRUE,81.64637096774193
2023-06-01,LU,TRUE,94.83972222222222
2023-07-01,LU,TRUE,77.48279569892473
2023-08-01,LU,TRUE,94.41327956989247
2023-09-01,LU,TRUE,100.7262638888889
2023-10-01,LU,TRUE,87.31630376344086
2023-11-01,LU,TRUE,91.17997222222222
2023-12-01,LU,TRUE,68.37576612903226
2015-01-01,LV,FALSE,39.77612903225806
2015-02-01,LV,FALSE,39.43528273809524
2015-03-01,LV,FALSE,32.20712365591398
2015-04-01,LV,FALSE,34.80766666666667
2015-05-01,LV,FALSE,37.3527688172043
2015-06-01,LV,FALSE,42.77984722222222
2015-07-01,LV,FALSE,44.2484811827957
2015-08-01,LV,FALSE,46.44384408602151
2015-09-01,LV,FALSE,44.27368055555556
2015-10-01,LV,FALSE,56.515040322580646
2015-11-01,LV,FALSE,45.75048611111111
2015-12-01,LV,FALSE,38.352755376344085
2016-01-01,LV,FALSE,50.006155913978496
2016-02-01,LV,FALSE,29.648764367816092
2016-03-01,LV,FALSE,29.85462365591398
2016-04-01,LV,FALSE,30.712694444444445
2016-05-01,LV,FALSE,32.68091397849462
2016-06-01,LV,FALSE,40.54430555555555
2016-07-01,LV,FALSE,38.30860215053764
2016-08-01,LV,FALSE,33.76245967741936
2016-09-01,LV,FALSE,34.03622222222222
2016-10-01,LV,FALSE,38.50693548387097
2016-11-01,LV,FALSE,40.46516666666667
2016-12-01,LV,FALSE,34.16829301075269
2017-01-01,LV,FALSE,35.147352150537635
2017-02-01,LV,FALSE,36.25924107142857
2017-03-01,LV,FALSE,30.647056451612904
2017-04-01,LV,FALSE,31.412625
2017-05-01,LV,FALSE,32.44956989247312
2017-06-01,LV,FALSE,38.37034722222222
2017-07-01,LV,FALSE,36.285564516129035
2017-08-01,LV,FALSE,37.327728494623656
2017-09-01,LV,FALSE,37.681263888888886
2017-10-01,LV,FALSE,33.711317204301075
2017-11-01,LV,FALSE,34.87173611111111
2017-12-01,LV,FALSE,32.25639784946237
2018-01-01,LV,FALSE,37.58540322580645
2018-02-01,LV,FALSE,43.49924107142857
2018-03-01,LV,FALSE,46.0766935483871
2018-04-01,LV,FALSE,39.962833333333336
2018-05-01,LV,FALSE,43.760336021505374
2018-06-01,LV,FALSE,50.92294444444445
2018-07-01,LV,FALSE,54.56712365591398
2018-08-01,LV,FALSE,59.06725806451613
2018-09-01,LV,FALSE,58.95390277777778
2018-10-01,LV,FALSE,55.05814516129032
2018-11-01,LV,FALSE,55.24605555555556
2018-12-01,LV,FALSE,53.60317204301075
2019-01-01,LV,FALSE,56.651666666666664
2019-02-01,LV,FALSE,47.26474702380953
2019-03-01,LV,FALSE,40.04616935483871
2019-04-01,LV,FALSE,43.444472222222224
2019-05-01,LV,FALSE,44.304798387096774
2019-06-01,LV,FALSE,44.67
2019-07-01,LV,FALSE,48.995658602150534
2019-08-01,LV,FALSE,49.459637096774195
2019-09-01,LV,FALSE,48.85715277777778
2019-10-01,LV,FALSE,47.352728494623655
2019-11-01,LV,FALSE,45.262930555555556
2019-12-01,LV,FALSE,39.034569892473115
2020-01-01,LV,FALSE,30.818655913978496
2020-02-01,LV,FALSE,28.043721264367814
2020-03-01,LV,FALSE,23.99258064516129
2020-04-01,LV,FALSE,23.502861111111113
2020-05-01,LV,FALSE,24.524381720430107
2020-06-01,LV,FALSE,38.65497222222222
2020-07-01,LV,FALSE,31.87467741935484
2020-08-01,LV,FALSE,43.43560483870968
2020-09-01,LV,FALSE,39.851375
2020-10-01,LV,FALSE,37.75985215053763
2020-11-01,LV,FALSE,41.095819444444444
2020-12-01,LV,FALSE,44.866263440860216
2021-01-01,LV,FALSE,53.55948924731183
2021-02-01,LV,FALSE,59.119776785714286
2021-03-01,LV,FALSE,43.508978494623655
2021-04-01,LV,FALSE,43.68936111111111
2021-05-01,LV,FALSE,48.36325268817205
2021-06-01,LV,FALSE,76.35986111111112
2021-07-01,LV,FALSE,88.2491935483871
2021-08-01,LV,FALSE,87.4357123655914
2021-09-01,LV,FALSE,123.47116666666666
2021-10-01,LV,FALSE,106.40451612903226
2021-11-01,LV,FALSE,125.48393055555556
2021-12-01,LV,FALSE,207.2952016129032
2022-01-01,LV,FALSE,143.96288978494624
2022-02-01,LV,FALSE,104.6445238095238
2022-03-01,LV,FALSE,167.13606182795698
2022-04-01,LV,FALSE,109.45376388888889
2022-05-01,LV,FALSE,164.3482123655914
2022-06-01,LV,TRUE,218.51844444444444
2022-07-01,LV,TRUE,304.97967741935486
2022-08-01,LV,TRUE,467.0926344086021
2022-09-01,LV,TRUE,351.47754166666664
2022-10-01,LV,TRUE,189.16353494623655
2022-11-01,LV,TRUE,226.67909722222223
2022-12-01,LV,TRUE,263.5110752688172
2023-01-01,LV,TRUE,99.8503629032258
2023-02-01,LV,TRUE,113.73511904761905
2023-03-01,LV,TRUE,87.67370967741935
2023-04-01,LV,TRUE,65.87947222222222
2023-05-01,LV,TRUE,78.14209677419355
2023-06-01,LV,TRUE,98.85044444444445
2023-07-01,LV,TRUE,83.63030913978494
2023-08-01,LV,TRUE,102.59883064516129
2023-09-01,LV,TRUE,116.97625
2023-10-01,LV,TRUE,87.48698924731183
2023-11-01,LV,TRUE,105.34219444444444
2023-12-01,LV,TRUE,88.90545698924731
2015-01-01,NL,FALSE,41.09211093990755
2015-02-01,NL,FALSE,46.37181547619048
2015-03-01,NL,FALSE,42.178010752688174
2015-04-01,NL,FALSE,41.401375
2015-05-01,NL,FALSE,37.340430107526885
2015-06-01,NL,FALSE,38.729305555555555
2015-07-01,NL,FALSE,42.189086021505375
2015-08-01,NL,FALSE,38.87486559139785
2015-09-01,NL,FALSE,39.64731944444444
2015-10-01,NL,FALSE,41.44602150537634
2015-11-01,NL,FALSE,38.44047222222222
2015-12-01,NL,FALSE,33.71368279569892
2016-01-01,NL,FALSE,31.56125
2016-02-01,NL,FALSE,25.200416666666666
2016-03-01,NL,FALSE,26.1365188172043
2016-04-01,NL,FALSE,25.319666666666667
2016-05-01,NL,FALSE,27.197298387096772
2016-06-01,NL,FALSE,32.59718055555555
2016-07-01,NL,FALSE,33.073508064516126
2016-08-01,NL,FALSE,28.35319892473118
2016-09-01,NL,FALSE,32.8685
2016-10-01,NL,FALSE,38.01377688172043
2016-11-01,NL,FALSE,42.84636111111111
2016-12-01,NL,FALSE,43.49858870967742
2017-01-01,NL,FALSE,50.76208333333334
2017-02-01,NL,FALSE,43.056934523809524
2017-03-01,NL,FALSE,34.53407258064516
2017-04-01,NL,FALSE,35.350027777777775
2017-05-01,NL,FALSE,35.05588709677419
2017-06-01,NL,FALSE,33.300111111111114
2017-07-01,NL,FALSE,34.45940860215054
2017-08-01,NL,FALSE,33.05638440860215
2017-09-01,NL,FALSE,38.753569444444445
2017-10-01,NL,FALSE,39.88364247311828
2017-11-01,NL,FALSE,47.27226388888889
2017-12-01,NL,FALSE,46.46823924731183
2018-01-01,NL,FALSE,38.7980376344086
2018-02-01,NL,FALSE,44.573794642857145
2018-03-01,NL,FALSE,51.816599462365595
2018-04-01,NL,FALSE,39.717819444444444
2018-05-01,NL,FALSE,47.079327956989246
2018-06-01,NL,FALSE,51.35966666666667
2018-07-01,NL,FALSE,53.30377688172043
2018-08-01,NL,FALSE,58.02063172043011
2018-09-01,NL,FALSE,63.320236111111114
2018-10-01,NL,FALSE,59.92595430107527
2018-11-01,NL,FALSE,62.29018055555556
2018-12-01,NL,FALSE,59.65654569892473
2019-01-01,NL,FALSE,58.300497311827954
2019-02-01,NL,FALSE,46.85010416666667
2019-03-01,NL,FALSE,40.49920698924731
2019-04-01,NL,FALSE,40.841541666666664
2019-05-01,NL,FALSE,40.19094086021505
2019-06-01,NL,FALSE,36.22925
2019-07-01,NL,FALSE,39.61560483870968
2019-08-01,NL,FALSE,37.41150537634409
2019-09-01,NL,FALSE,36.58068055555555
2019-10-01,NL,FALSE,37.956908602150534
2019-11-01,NL,FALSE,42.71355555555556
2019-12-01,NL,FALSE,37.399112903225806
2020-01-01,NL,FALSE,37.07186827956989
2020-02-01,NL,FALSE,29.550114942528737
2020-03-01,NL,FALSE,24.745537634408603
2020-04-01,NL,FALSE,18.965791666666668
2020-05-01,NL,FALSE,17.666559139784948
2020-06-01,NL,FALSE,26.256416666666667
2020-07-01,NL,FALSE,29.350456989247313
2020-08-01,NL,FALSE,34.065819892473115
2020-09-01,NL,FALSE,42.602625
2020-10-01,NL,FALSE,37.113965053763444
2020-11-01,NL,FALSE,41.05136111111111
2020-12-01,NL,FALSE,48.28125
2021-01-01,NL,FALSE,53.6211559139785
2021-02-01,NL,FALSE,49.234747023809526
2021-03-01,NL,FALSE,48.89051075268817
2021-04-01,NL,FALSE,53.869055555555555
2021-05-01,NL,FALSE,56.11655913978495
2021-06-01,NL,FALSE,76.50940277777778
2021-07-01,NL,FALSE,82.5828629032258
2021-08-01,NL,FALSE,86.6630376344086
2021-09-01,NL,FALSE,136.38656944444443
2021-10-01,NL,FALSE,163.8063306451613
2021-11-01,NL,FALSE,186.29956944444444
2021-12-01,NL,FALSE,237.80301075268818
2022-01-01,NL,FALSE,189.23557795698926
2022-02-01,NL,FALSE,168.291875
2022-03-01,NL,FALSE,261.0312903225806
2022-04-01,NL,FALSE,195.31241666666668
2022-05-01,NL,FALSE,181.39770161290323
2022-06-01,NL,TRUE,210.70393055555556
2022-07-01,NL,TRUE,306.8632392473118
2022-08-01,NL,TRUE,447.249623655914
2022-09-01,NL,TRUE,340.894375
2022-10-01,NL,TRUE,155.50997311827956
2022-11-01,NL,TRUE,179.48052777777778
2022-12-01,NL,TRUE,258.49163978494624
2023-01-01,NL,TRUE,126.12795698924731
2023-02-01,NL,TRUE,134.91026785714286
2023-03-01,NL,TRUE,104.44475806451612
2023-04-01,NL,TRUE,98.71122222222222
2023-05-01,NL,TRUE,77.87716397849462
2023-06-01,NL,TRUE,92.04093055555556
2023-07-01,NL,TRUE,71.69251344086021
2023-08-01,NL,TRUE,91.41880376344086
2023-09-01,NL,TRUE,98.69522222222223
2023-10-01,NL,TRUE,90.18885752688172
2023-11-01,NL,TRUE,94.4645
2023-12-01,NL,TRUE,73.04486559139785
2015-01-01,NO,FALSE,29.35657258064516
2015-02-01,NO,FALSE,28.43484523809524
2015-03-01,NO,FALSE,24.978505376344085
2015-04-01,NO,FALSE,25.045011111111112
2015-05-01,NO,FALSE,22.156422043010753
2015-06-01,NO,FALSE,13.732516666666667
2015-07-01,NO,FALSE,8.93655376344086
2015-08-01,NO,FALSE,11.72786559139785
2015-09-01,NO,FALSE,15.77975
2015-10-01,NO,FALSE,21.413083333333333
2015-11-01,NO,FALSE,24.06211111111111
2015-12-01,NO,FALSE,17.805897849462365
2016-01-01,NO,FALSE,27.61259946236559
2016-02-01,NO,FALSE,19.1785
2016-03-01,NO,FALSE,21.3605188172043
2016-04-01,NO,FALSE,21.778194444444445
2016-05-01,NO,FALSE,22.73127688172043
2016-06-01,NO,FALSE,25.515444444444444
2016-07-01,NO,FALSE,24.870569892473117
2016-08-01,NO,FALSE,23.906475806451613
2016-09-01,NO,FALSE,24.263891666666666
2016-10-01,NO,FALSE,31.77772311827957
2016-11-01,NO,FALSE,37.653525
2016-12-01,NO,FALSE,31.012879032258063
2017-01-01,NO,FALSE,29.527779569892473
2017-02-01,NO,FALSE,31.111214285714286
2017-03-01,NO,FALSE,29.6514811827957
2017-04-01,NO,FALSE,28.64548611111111
2017-05-01,NO,FALSE,27.826032258064515
2017-06-01,NO,FALSE,23.680033333333334
2017-07-01,NO,FALSE,24.630344086021505
2017-08-01,NO,FALSE,25.726505376344086
2017-09-01,NO,FALSE,30.219708333333333
2017-10-01,NO,FALSE,27.862481182795698
2017-11-01,NO,FALSE,31.54003888888889
2017-12-01,NO,FALSE,30.569118279569892
2018-01-01,NO,FALSE,32.067983870967744
2018-02-01,NO,FALSE,38.31562797619048
2018-03-01,NO,FALSE,43.66999462365592
2018-04-01,NO,FALSE,38.974272222222226
2018-05-01,NO,FALSE,33.72191129032258
2018-06-01,NO,FALSE,44.82826111111111
2018-07-01,NO,FALSE,51.684567204301075
2018-08-01,NO,FALSE,50.90917741935484
2018-09-01,NO,FALSE,47.147061111111114
2018-10-01,NO,FALSE,42.04934677419355
2018-11-01,NO,FALSE,47.48125
2018-12-01,NO,FALSE,51.39089784946236
2019-01-01,NO,FALSE,54.11555107526882
2019-02-01,NO,FALSE,45.89747619047619
2019-03-01,NO,FALSE,41.65231720430108
2019-04-01,NO,FALSE,41.337047222222225
2019-05-01,NO,FALSE,39.12015591397849
2019-06-01,NO,FALSE,28.44440277777778
2019-07-01,NO,FALSE,34.777311827956986
2019-08-01,NO,FALSE,35.37893817204301
2019-09-01,NO,FALSE,31.282116666666667
2019-10-01,NO,FALSE,36.60954838709677
2019-11-01,NO,FALSE,41.815425
2019-12-01,NO,FALSE,37.02427150537634
2020-01-01,NO,FALSE,24.149978494623657
2020-02-01,NO,FALSE,12.932114942528736
2020-03-01,NO,FALSE,8.416448924731183
2020-04-01,NO,FALSE,4.697119444444445
2020-05-01,NO,FALSE,7.809024193548387
2020-06-01,NO,FALSE,2.1314583333333332
2020-07-01,NO,FALSE,1.9094166666666668
2020-08-01,NO,FALSE,4.669018817204301
2020-09-01,NO,FALSE,9.097127777777779
2020-10-01,NO,FALSE,12.102182795698925
2020-11-01,NO,FALSE,4.886758333333334
2020-12-01,NO,FALSE,17.51981182795699
2021-01-01,NO,FALSE,44.99344086021505
2021-02-01,NO,FALSE,47.46626488095238
2021-03-01,NO,FALSE,34.838903225806455
2021-04-01,NO,FALSE,37.606255555555556
2021-05-01,NO,FALSE,42.825663978494624
2021-06-01,NO,FALSE,40.516888888888886
2021-07-01,NO,FALSE,47.2930188172043
2021-08-01,NO,FALSE,63.11820698924731
2021-09-01,NO,FALSE,84.4397412037037
2021-10-01,NO,FALSE,74.07165098566308
2021-11-01,NO,FALSE,84.98238425925926
2021-12-01,NO,FALSE,137.82763888888888
2022-01-01,NO,FALSE,102.18382840501792
2022-02-01,NO,FALSE,85.7397693452381
2022-03-01,NO,FALSE,134.2047020609319
2022-04-01,NO,FALSE,131.2935324074074
2022-05-01,NO,FALSE,112.93408826164874
2022-06-01,NO,TRUE,112.61093055555556
2022-07-01,NO,TRUE,142.5770564516129
2022-08-01,NO,TRUE,267.9856294802867
2022-09-01,NO,TRUE,252.9444513888889
2022-10-01,NO,TRUE,94.38905689964157
2022-11-01,NO,TRUE,90.48850925925926
2022-12-01,NO,TRUE,217.1366218637993
2023-01-01,NO,TRUE,98.12726478494623
2023-02-01,NO,TRUE,81.97067708333333
2023-03-01,NO,TRUE,83.52092069892473
2023-04-01,NO,TRUE,80.95381018518519
2023-05-01,NO,TRUE,53.31319444444444
2023-06-01,NO,TRUE,55.08155787037037
2023-07-01,NO,TRUE,38.710347222222225
2023-08-01,NO,TRUE,33.04890456989247
2023-09-01,NO,TRUE,20.216208333333334
2023-10-01,NO,TRUE,31.104816308243727
2023-11-01,NO,TRUE,77.30049305555555
2023-12-01,NO,TRUE,74.39268593189963
2015-01-01,PL,FALSE,37.03739562624254
2015-02-01,PL,FALSE,39.192867132867136
2015-03-01,PL,FALSE,35.125854545454544
2015-04-01,PL,FALSE,37.20081481481481
2015-05-01,PL,FALSE,41.00096899224806
2015-06-01,PL,FALSE,40.58072657743786
2015-07-01,PL,FALSE,42.117546468401486
2015-08-01,PL,FALSE,45.88690298507463
2015-09-01,PL,FALSE,42.883227848101264
2015-10-01,PL,FALSE,42.81461839530333
2015-11-01,PL,FALSE,38.874553014553015
2015-12-01,PL,FALSE,34.944478632478635
2016-01-01,PL,FALSE,38.13930015552099
2016-02-01,PL,FALSE,33.271708633093525
2016-03-01,PL,FALSE,35.601237113402064
2016-04-01,PL,FALSE,38.31850746268657
2016-05-01,PL,FALSE,37.316648451730416
2016-06-01,PL,FALSE,49.73923913043478
2016-07-01,PL,FALSE,34.252272
2016-08-01,PL,FALSE,34.1648726655348
2016-09-01,PL,FALSE,38.103517857142855
2016-10-01,PL,FALSE,38.94120234604105
2016-11-01,PL,FALSE,35.92413153456998
2016-12-01,PL,FALSE,34.85937308868502
2017-01-01,PL,FALSE,37.88686119873817
2017-02-01,PL,FALSE,36.27364406779661
2017-03-01,PL,FALSE,34.010956873315365
2017-04-01,PL,FALSE,33.16379166666667
2017-05-01,PL,FALSE,35.500201612903226
2017-06-01,PL,FALSE,36.05738888888889
2017-07-01,PL,FALSE,36.39173387096774
2017-08-01,PL,FALSE,38.460994623655914
2017-09-01,PL,FALSE,39.507
2017-10-01,PL,FALSE,40.065793010752685
2017-11-01,PL,FALSE,39.526513888888886
2017-12-01,PL,FALSE,35.48885752688172
2018-01-01,PL,FALSE,38.84467741935484
2018-02-01,PL,FALSE,44.511041666666664
2018-03-01,PL,FALSE,48.78487903225806
2018-04-01,PL,FALSE,43.183375
2018-05-01,PL,FALSE,51.193145161290325
2018-06-01,PL,FALSE,52.891875
2018-07-01,PL,FALSE,52.62524193548387
2018-08-01,PL,FALSE,59.47008064516129
2018-09-01,PL,FALSE,63.12504166666667
2018-10-01,PL,FALSE,58.90719086021505
2018-11-01,PL,FALSE,58.67875
2018-12-01,PL,FALSE,53.38021505376344
2019-01-01,PL,FALSE,56.14258064516129
2019-02-01,PL,FALSE,49.47922619047619
2019-03-01,PL,FALSE,46.55877688172043
2019-04-01,PL,FALSE,53.197125
2019-05-01,PL,FALSE,55.400631720430106
2019-06-01,PL,FALSE,58.34222222222222
2019-07-01,PL,FALSE,56.49658602150538
2019-08-01,PL,FALSE,61.55654569892473
2019-09-01,PL,FALSE,55.992666666666665
2019-10-01,PL,FALSE,53.176653225806454
2019-11-01,PL,FALSE,50.37329166666667
2019-12-01,PL,FALSE,44.549569892473116
2020-01-01,PL,FALSE,44.13818548387097
2020-02-01,PL,FALSE,40.86833333333333
2020-03-01,PL,FALSE,36.93766129032258
2020-04-01,PL,FALSE,33.30244444444445
2020-05-01,PL,FALSE,38.54686827956989
2020-06-01,PL,FALSE,48.39293055555556
2020-07-01,PL,FALSE,48.97556451612903
2020-08-01,PL,FALSE,52.285564516129035
2020-09-01,PL,FALSE,53.73908333333333
2020-10-01,PL,FALSE,52.189354838709676
2020-11-01,PL,FALSE,53.550777777777775
2020-12-01,PL,FALSE,56.653010752688175
2021-01-01,PL,FALSE,54.787137096774195
2021-02-01,PL,FALSE,58.889404761904764
2021-03-01,PL,FALSE,59.632701612903226
2021-04-01,PL,FALSE,59.35676388888889
2021-05-01,PL,FALSE,65.64869623655915
2021-06-01,PL,FALSE,76.22743055555556
2021-07-01,PL,FALSE,82.33501344086021
2021-08-01,PL,FALSE,82.40494623655914
2021-09-01,PL,FALSE,102.24213888888889
2021-10-01,PL,FALSE,103.22795698924732
2021-11-01,PL,FALSE,117.80058333333334
2021-12-01,PL,FALSE,179.384126344086
2022-01-01,PL,FALSE,143.9869489247312
2022-02-01,PL,FALSE,116.81372023809524
2022-03-01,PL,FALSE,141.325376344086
2022-04-01,PL,FALSE,124.27170833333334
2022-05-01,PL,FALSE,140.64385752688173
2022-06-01,PL,TRUE,185.27365277777778
2022-07-01,PL,TRUE,220.0845430107527
2022-08-01,PL,TRUE,268.87850806451615
2022-09-01,PL,TRUE,175.5023888888889
2022-10-01,PL,TRUE,134.12081989247312
2022-11-01,PL,TRUE,170.94841666666667
2022-12-01,PL,TRUE,173.55036290322582
2023-01-01,PL,TRUE,132.59112903225807
2023-02-01,PL,TRUE,136.85116071428573
2023-03-01,PL,TRUE,120.43358870967742
2023-04-01,PL,TRUE,122.03256944444445
2023-05-01,PL,TRUE,105.67106182795699
2023-06-01,PL,TRUE,118.29834722222222
2023-07-01,PL,TRUE,115.7300806451613
2023-08-01,PL,TRUE,107.05844086021506
2023-09-01,PL,TRUE,109.83054166666666
2023-10-01,PL,TRUE,95.37700268817204
2023-11-01,PL,TRUE,98.434125
2023-12-01,PL,TRUE,80.07709677419355
2015-01-01,PT,FALSE,51.767997311827955
2015-02-01,PT,FALSE,42.610014880952384
2015-03-01,PT,FALSE,43.08340277777778
2015-04-01,PT,FALSE,45.539722222222224
2015-05-01,PT,FALSE,45.20655913978494
2015-06-01,PT,FALSE,54.76125
2015-07-01,PT,FALSE,59.58897849462365
2015-08-01,PT,FALSE,55.61807795698925
2015-09-01,PT,FALSE,52.44652298850575
2015-10-01,PT,FALSE,49.88471774193548
2015-11-01,PT,FALSE,51.480333333333334
2015-12-01,PT,FALSE,52.89247311827957
2016-01-01,PT,FALSE,36.37930107526882
2016-02-01,PT,FALSE,27.328793103448277
2016-03-01,PT,FALSE,27.684905913978493
2016-04-01,PT,FALSE,23.484236111111112
2016-05-01,PT,FALSE,24.98024193548387
2016-06-01,PT,FALSE,38.305194444444446
2016-07-01,PT,FALSE,40.35141129032258
2016-08-01,PT,FALSE,41.125443548387096
2016-09-01,PT,FALSE,43.627125
2016-10-01,PT,FALSE,52.80096774193548
2016-11-01,PT,FALSE,56.26726388888889
2016-12-01,PT,FALSE,60.27356182795699
2017-01-01,PT,FALSE,71.53974462365592
2017-02-01,PT,FALSE,51.3499255952381
2017-03-01,PT,FALSE,43.922836021505375
2017-04-01,PT,FALSE,44.172916666666666
2017-05-01,PT,FALSE,47.184448924731186
2017-06-01,PT,FALSE,50.204861111111114
2017-07-01,PT,FALSE,48.60206989247312
2017-08-01,PT,FALSE,47.426680107526884
2017-09-01,PT,FALSE,49.17081944444445
2017-10-01,PT,FALSE,56.98243279569893
2017-11-01,PT,FALSE,59.39319444444445
2017-12-01,PT,FALSE,59.43103494623656
2018-01-01,PT,FALSE,51.67783602150538
2018-02-01,PT,FALSE,54.967752976190475
2018-03-01,PT,FALSE,39.72475806451613
2018-04-01,PT,FALSE,42.677
2018-05-01,PT,FALSE,55.14565860215054
2018-06-01,PT,FALSE,58.47172222222222
2018-07-01,PT,FALSE,61.83915322580645
2018-08-01,PT,FALSE,64.3042069892473
2018-09-01,PT,FALSE,71.27841666666667
2018-10-01,PT,FALSE,65.40532258064516
2018-11-01,PT,FALSE,62.00754166666667
2018-12-01,PT,FALSE,61.864798387096776
2019-01-01,PT,FALSE,62.663360215053764
2019-02-01,PT,FALSE,54.72604166666667
2019-03-01,PT,FALSE,49.217486559139786
2019-04-01,PT,FALSE,50.651583333333335
2019-05-01,PT,FALSE,48.75090053763441
2019-06-01,PT,FALSE,47.17780555555556
2019-07-01,PT,FALSE,51.46362903225806
2019-08-01,PT,FALSE,44.95299731182796
2019-09-01,PT,FALSE,42.157666666666664
2019-10-01,PT,FALSE,47.189516129032256
2019-11-01,PT,FALSE,42.122708333333335
2019-12-01,PT,FALSE,33.67958333333333
2020-01-01,PT,FALSE,40.90326612903226
2020-02-01,PT,FALSE,36.02508620689655
2020-03-01,PT,FALSE,27.852379032258064
2020-04-01,PT,FALSE,17.725791666666666
2020-05-01,PT,FALSE,21.442594086021504
2020-06-01,PT,FALSE,30.65648611111111
2020-07-01,PT,FALSE,34.619193548387095
2020-08-01,PT,FALSE,36.128696236559136
2020-09-01,PT,FALSE,41.919180555555556
2020-10-01,PT,FALSE,36.426975806451615
2020-11-01,PT,FALSE,42.11373611111111
2020-12-01,PT,FALSE,42.038870967741936
2021-01-01,PT,FALSE,60.62740591397849
2021-02-01,PT,FALSE,28.241815476190474
2021-03-01,PT,FALSE,45.41860215053764
2021-04-01,PT,FALSE,64.97829166666666
2021-05-01,PT,FALSE,67.1825806451613
2021-06-01,PT,FALSE,83.2996388888889
2021-07-01,PT,FALSE,92.5494623655914
2021-08-01,PT,FALSE,106.1260752688172
2021-09-01,PT,FALSE,156.78916666666666
2021-10-01,PT,FALSE,199.69596774193548
2021-11-01,PT,FALSE,193.79359722222222
2021-12-01,PT,FALSE,239.07416666666666
2022-01-01,PT,FALSE,201.97865591397849
2022-02-01,PT,FALSE,200.80955357142858
2022-03-01,PT,FALSE,283.0931451612903
2022-04-01,PT,FALSE,192.01241666666667
2022-05-01,PT,FALSE,187.18969086021505
2022-06-01,PT,TRUE,218.7919861111111
2022-07-01,PT,TRUE,259.27243279569893
2022-08-01,PT,TRUE,311.09665322580645
2022-09-01,PT,TRUE,243.97452777777778
2022-10-01,PT,TRUE,163.09471774193548
2022-11-01,PT,TRUE,124.27047222222222
2022-12-01,PT,TRUE,134.6848252688172
2023-01-01,PT,TRUE,70.87145161290323
2023-02-01,PT,TRUE,132.8305357142857
2023-03-01,PT,TRUE,89.92642473118279
2023-04-01,PT,TRUE,77.04777777777778
2023-05-01,PT,TRUE,76.04782258064516
2023-06-01,PT,TRUE,95.61993055555556
2023-07-01,PT,TRUE,93.79317204301076
2023-08-01,PT,TRUE,97.90684139784946
2023-09-01,PT,TRUE,104.16583333333334
2023-10-01,PT,TRUE,89.55395161290322
2023-11-01,PT,TRUE,63.383319444444446
2023-12-01,PT,TRUE,72.1456317204301
2015-01-01,RO,FALSE,39.51712365591398
2015-02-01,RO,FALSE,37.12159226190476
2015-03-01,RO,FALSE,32.255779569892475
2015-04-01,RO,FALSE,26.406902777777777
2015-05-01,RO,FALSE,27.575201612903225
2015-06-01,RO,FALSE,32.926569444444446
2015-07-01,RO,FALSE,41.99358870967742
2015-08-01,RO,FALSE,40.683293010752685
2015-09-01,RO,FALSE,41.35772988505747
2015-10-01,RO,FALSE,39.210013440860216
2015-11-01,RO,FALSE,36.86461111111111
2015-12-01,RO,FALSE,41.06054597701149
2016-01-01,RO,FALSE,40.66001344086021
2016-02-01,RO,FALSE,26.385272988505747
2016-03-01,RO,FALSE,26.067486559139784
2016-04-01,RO,FALSE,28.92802777777778
2016-05-01,RO,FALSE,26.864677419354837
2016-06-01,RO,FALSE,29.849819444444446
2016-07-01,RO,FALSE,30.734637096774193
2016-08-01,RO,FALSE,30.746505376344086
2016-09-01,RO,FALSE,35.72573611111111
2016-10-01,RO,FALSE,41.18815860215054
2016-11-01,RO,FALSE,37.25725
2016-12-01,RO,FALSE,43.08393817204301
2017-01-01,RO,FALSE,75.16701612903226
2017-02-01,RO,FALSE,53.81346726190476
2017-03-01,RO,FALSE,36.39733870967742
2017-04-01,RO,FALSE,37.950805555555554
2017-05-01,RO,FALSE,40.21823924731183
2017-06-01,RO,FALSE,42.436375
2017-07-01,RO,FALSE,50.55271505376344
2017-08-01,RO,FALSE,56.83337365591398
2017-09-01,RO,FALSE,42.95476388888889
2017-10-01,RO,FALSE,47.2265188172043
2017-11-01,RO,FALSE,55.41288888888889
2017-12-01,RO,FALSE,37.69354166666667
2018-01-01,RO,FALSE,33.491397849462366
2018-02-01,RO,FALSE,37.94858630952381
2018-03-01,RO,FALSE,33.424220430107525
2018-04-01,RO,FALSE,26.041305555555557
2018-05-01,RO,FALSE,40.95551075268817
2018-06-01,RO,FALSE,47.4665
2018-07-01,RO,FALSE,39.12782258064516
2018-08-01,RO,FALSE,52.205125
2018-09-01,RO,FALSE,59.40405555555556
2018-10-01,RO,FALSE,61.727862903225805
2018-11-01,RO,FALSE,60.632083333333334
2018-12-01,RO,FALSE,64.18340053763441
2019-01-01,RO,FALSE,74.83825268817205
2019-02-01,RO,FALSE,48.548318452380954
2019-03-01,RO,FALSE,38.41708333333333
2019-04-01,RO,FALSE,45.01855555555556
2019-05-01,RO,FALSE,40.87467741935484
2019-06-01,RO,FALSE,38.89001388888889
2019-07-01,RO,FALSE,55.385362903225804
2019-08-01,RO,FALSE,60.21939516129032
2019-09-01,RO,FALSE,60.62133333333333
2019-10-01,RO,FALSE,57.32252688172043
2019-11-01,RO,FALSE,42.637388888888886
2019-12-01,RO,FALSE,41.43018817204301
2020-01-01,RO,FALSE,52.796532258064516
2020-02-01,RO,FALSE,40.51603448275862
2020-03-01,RO,FALSE,29.60266129032258
2020-04-01,RO,FALSE,25.581458333333334
2020-05-01,RO,FALSE,24.763897849462367
2020-06-01,RO,FALSE,30.362152777777776
2020-07-01,RO,FALSE,37.09860215053764
2020-08-01,RO,FALSE,37.900147849462364
2020-09-01,RO,FALSE,45.79709722222222
2020-10-01,RO,FALSE,42.22393817204301
2020-11-01,RO,FALSE,48.65438888888889
2020-12-01,RO,FALSE,58.398387096774194
2021-01-01,RO,FALSE,55.63948924731183
2021-02-01,RO,FALSE,48.13321428571429
2021-03-01,RO,FALSE,54.450456989247314
2021-04-01,RO,FALSE,62.80993055555555
2021-05-01,RO,FALSE,58.751317204301074
2021-06-01,RO,FALSE,76.9816111111111
2021-07-01,RO,FALSE,93.84056451612904
2021-08-01,RO,FALSE,112.73838709677419
2021-09-01,RO,FALSE,133.91727777777777
2021-10-01,RO,FALSE,192.3238575268817
2021-11-01,RO,FALSE,212.54718055555554
2021-12-01,RO,FALSE,230.1430241935484
2022-01-01,RO,FALSE,192.15154569892474
2022-02-01,RO,FALSE,188.2539136904762
2022-03-01,RO,FALSE,274.0964784946237
2022-04-01,RO,FALSE,174.7981388888889
2022-05-01,RO,FALSE,202.27719086021506
2022-06-01,RO,TRUE,230.48584722222222
2022-07-01,RO,TRUE,367.3118413978495
2022-08-01,RO,TRUE,490.79817204301077
2022-09-01,RO,TRUE,377.91855555555554
2022-10-01,RO,TRUE,206.00943548387096
2022-11-01,RO,TRUE,222.53515277777777
2022-12-01,RO,TRUE,247.58684139784947
2023-01-01,RO,TRUE,136.29706989247313
2023-02-01,RO,TRUE,142.56300595238096
2023-03-01,RO,TRUE,108.42760752688172
2023-04-01,RO,TRUE,97.52419444444445
2023-05-01,RO,TRUE,87.06211021505376
2023-06-01,RO,TRUE,85.23702777777778
2023-07-01,RO,TRUE,96.74603494623656
2023-08-01,RO,TRUE,101.68626344086022
2023-09-01,RO,TRUE,103.18861111111111
2023-10-01,RO,TRUE,105.97806451612904
2023-11-01,RO,TRUE,102.20804166666667
2023-12-01,RO,TRUE,80.806061827957
2015-01-01,SE,FALSE,30.137799059139784
2015-02-01,SE,FALSE,29.22350074404762
2015-03-01,SE,FALSE,25.702261424731184
2015-04-01,SE,FALSE,25.422052083333334
2015-05-01,SE,FALSE,22.607547043010754
2015-06-01,SE,FALSE,16.2884375
2015-07-01,SE,FALSE,9.07717069892473
2015-08-01,SE,FALSE,15.580302419354839
2015-09-01,SE,FALSE,21.09575
2015-10-01,SE,FALSE,23.307483198924732
2015-11-01,SE,FALSE,25.01565972222222
2015-12-01,SE,FALSE,18.995789650537635
2016-01-01,SE,FALSE,29.589344758064517
2016-02-01,SE,FALSE,19.42554956896552
2016-03-01,SE,FALSE,21.789260752688172
2016-04-01,SE,FALSE,22.091326388888888
2016-05-01,SE,FALSE,23.67875
2016-06-01,SE,FALSE,33.734180555555554
2016-07-01,SE,FALSE,28.965782930107526
2016-08-01,SE,FALSE,30.48387432795699
2016-09-01,SE,FALSE,29.224586805555557
2016-10-01,SE,FALSE,36.32653225806452
2016-11-01,SE,FALSE,41.00702777777778
2016-12-01,SE,FALSE,33.38243951612903
2017-01-01,SE,FALSE,32.341502016129034
2017-02-01,SE,FALSE,33.34979538690476
2017-03-01,SE,FALSE,30.43775873655914
2017-04-01,SE,FALSE,28.978944444444444
2017-05-01,SE,FALSE,29.59189180107527
2017-06-01,SE,FALSE,27.287541666666666
2017-07-01,SE,FALSE,30.77331317204301
2017-08-01,SE,FALSE,33.55418010752688
2017-09-01,SE,FALSE,35.80455555555555
2017-10-01,SE,FALSE,30.17221438172043
2017-11-01,SE,FALSE,32.62361111111111
2017-12-01,SE,FALSE,30.57707997311828
2018-01-01,SE,FALSE,32.46024865591398
2018-02-01,SE,FALSE,39.945651041666665
2018-03-01,SE,FALSE,44.865369623655916
2018-04-01,SE,FALSE,38.830416666666665
2018-05-01,SE,FALSE,33.5289684139785
2018-06-01,SE,FALSE,44.82139930555556
2018-07-01,SE,FALSE,52.58312163978495
2018-08-01,SE,FALSE,54.478961693548385
2018-09-01,SE,FALSE,49.72974652777778
2018-10-01,SE,FALSE,45.79455981182796
2018-11-01,SE,FALSE,49.84900694444445
2018-12-01,SE,FALSE,50.826770833333335
2019-01-01,SE,FALSE,54.100665322580646
2019-02-01,SE,FALSE,45.487630208333336
2019-03-01,SE,FALSE,39.37712701612903
2019-04-01,SE,FALSE,39.67339583333333
2019-05-01,SE,FALSE,35.14803427419355
2019-06-01,SE,FALSE,25.294208333333334
2019-07-01,SE,FALSE,35.61294690860215
2019-08-01,SE,FALSE,37.323293010752685
2019-09-01,SE,FALSE,34.87015625
2019-10-01,SE,FALSE,38.14707661290323
2019-11-01,SE,FALSE,41.646569444444445
2019-12-01,SE,FALSE,35.73636088709677
2020-01-01,SE,FALSE,24.143706317204302
2020-02-01,SE,FALSE,16.424773706896552
2020-03-01,SE,FALSE,11.939613575268817
2020-04-01,SE,FALSE,8.251916666666666
2020-05-01,SE,FALSE,11.438938172043011
2020-06-01,SE,FALSE,16.90825347222222
2020-07-01,SE,FALSE,12.218484543010753
2020-08-01,SE,FALSE,27.3365188172043
2020-09-01,SE,FALSE,32.29196875
2020-10-01,SE,FALSE,22.388608870967744
2020-11-01,SE,FALSE,17.80984375
2020-12-01,SE,FALSE,26.128541666666667
2021-01-01,SE,FALSE,46.937852822580645
2021-02-01,SE,FALSE,48.34941964285714
2021-03-01,SE,FALSE,32.82132392473118
2021-04-01,SE,FALSE,32.16818055555556
2021-05-01,SE,FALSE,41.83449932795699
2021-06-01,SE,FALSE,45.460166666666666
2021-07-01,SE,FALSE,57.15831317204301
2021-08-01,SE,FALSE,66.09355846774193
2021-09-01,SE,FALSE,80.44844097222222
2021-10-01,SE,FALSE,50.40150537634408
2021-11-01,SE,FALSE,70.21119444444444
2021-12-01,SE,FALSE,121.80402217741936
2022-01-01,SE,FALSE,65.7600504032258
2022-02-01,SE,FALSE,50.3859375
2022-03-01,SE,FALSE,78.22264112903225
2022-04-01,SE,FALSE,74.82921180555556
2022-05-01,SE,FALSE,85.12809139784946
2022-06-01,SE,TRUE,96.71550694444444
2022-07-01,SE,TRUE,59.71667674731183
2022-08-01,SE,TRUE,142.0921001344086
2022-09-01,SE,TRUE,155.93976388888888
2022-10-01,SE,TRUE,60.12652553763441
2022-11-01,SE,TRUE,117.23067013888888
2022-12-01,SE,TRUE,217.23176747311828
2023-01-01,SE,TRUE,75.53942204301076
2023-02-01,SE,TRUE,64.52105282738096
2023-03-01,SE,TRUE,63.505806451612905
2023-04-01,SE,TRUE,60.73807291666667
2023-05-01,SE,TRUE,37.04413978494624
2023-06-01,SE,TRUE,55.63212152777778
2023-07-01,SE,TRUE,32.93882392473118
2023-08-01,SE,TRUE,28.252768817204302
2023-09-01,SE,TRUE,20.428166666666666
2023-10-01,SE,TRUE,22.28956317204301
2023-11-01,SE,TRUE,62.71463194444444
2023-12-01,SE,TRUE,67.60490927419355
2015-01-01,SI,FALSE,45.38340053763441
2015-02-01,SI,FALSE,48.41006696428571
2015-03-01,SI,FALSE,44.01274865591398
2015-04-01,SI,FALSE,42.099715277777776
2015-05-01,SI,FALSE,39.18208333333333
2015-06-01,SI,FALSE,41.33790972222222
2015-07-01,SI,FALSE,61.96635752688172
2015-08-01,SI,FALSE,46.973145161290326
2015-09-01,SI,FALSE,47.9485625
2015-10-01,SI,FALSE,45.6597379032258
2015-11-01,SI,FALSE,50.96480555555556
2015-12-01,SI,FALSE,50.18711693548387
2016-01-01,SI,FALSE,45.49976478494624
2016-02-01,SI,FALSE,32.2240158045977
2016-03-01,SI,FALSE,30.744086021505375
2016-04-01,SI,FALSE,29.603979166666665
2016-05-01,SI,FALSE,29.076995967741937
2016-06-01,SI,FALSE,32.29198611111111
2016-07-01,SI,FALSE,39.13233870967742
2016-08-01,SI,FALSE,34.29559811827957
2016-09-01,SI,FALSE,39.93938194444444
2016-10-01,SI,FALSE,51.04747311827957
2016-11-01,SI,FALSE,51.46590277777778
2016-12-01,SI,FALSE,53.869791666666664
2017-01-01,SI,FALSE,77.49875672043011
2017-02-01,SI,FALSE,54.7171875
2017-03-01,SI,FALSE,40.59529569892473
2017-04-01,SI,FALSE,40.19119444444444
2017-05-01,SI,FALSE,40.79671370967742
2017-06-01,SI,FALSE,46.17859722222222
2017-07-01,SI,FALSE,49.97510752688172
2017-08-01,SI,FALSE,56.39505376344086
2017-09-01,SI,FALSE,45.329631944444444
2017-10-01,SI,FALSE,52.76415994623656
2017-11-01,SI,FALSE,63.824152777777776
2017-12-01,SI,FALSE,46.210961021505376
2018-01-01,SI,FALSE,37.94725806451613
2018-02-01,SI,FALSE,43.38010416666667
2018-03-01,SI,FALSE,42.253373655913975
2018-04-01,SI,FALSE,32.23411111111111
2018-05-01,SI,FALSE,40.84112903225807
2018-06-01,SI,FALSE,50.684083333333334
2018-07-01,SI,FALSE,51.53620967741936
2018-08-01,SI,FALSE,60.84747311827957
2018-09-01,SI,FALSE,64.13398611111111
2018-10-01,SI,FALSE,64.04979838709677
2018-11-01,SI,FALSE,63.10261111111111
2018-12-01,SI,FALSE,62.42600806451613
2019-01-01,SI,FALSE,68.7679435483871
2019-02-01,SI,FALSE,49.68395833333334
2019-03-01,SI,FALSE,39.561344086021506
2019-04-01,SI,FALSE,45.63151388888889
2019-05-01,SI,FALSE,41.30599462365591
2019-06-01,SI,FALSE,40.02376388888889
2019-07-01,SI,FALSE,51.24780913978495
2019-08-01,SI,FALSE,54.60555107526882
2019-09-01,SI,FALSE,55.296958333333336
2019-10-01,SI,FALSE,55.2240188172043
2019-11-01,SI,FALSE,43.83715277777778
2019-12-01,SI,FALSE,39.51725806451613
2020-01-01,SI,FALSE,50.24393817204301
2020-02-01,SI,FALSE,39.257183908045974
2020-03-01,SI,FALSE,29.406720430107526
2020-04-01,SI,FALSE,23.739958333333334
2020-05-01,SI,FALSE,21.225456989247313
2020-06-01,SI,FALSE,27.959652777777777
2020-07-01,SI,FALSE,35.22095430107527
2020-08-01,SI,FALSE,37.61186827956989
2020-09-01,SI,FALSE,45.848708333333335
2020-10-01,SI,FALSE,38.55606182795699
2020-11-01,SI,FALSE,46.928333333333335
2020-12-01,SI,FALSE,54.52204301075269
2021-01-01,SI,FALSE,57.528145161290325
2021-02-01,SI,FALSE,50.376919642857146
2021-03-01,SI,FALSE,55.94255376344086
2021-04-01,SI,FALSE,64.51081944444445
2021-05-01,SI,FALSE,59.867620967741935
2021-06-01,SI,FALSE,78.46841666666667
2021-07-01,SI,FALSE,93.65411290322581
2021-08-01,SI,FALSE,105.57528225806452
2021-09-01,SI,FALSE,138.6015277777778
2021-10-01,SI,FALSE,202.73137096774192
2021-11-01,SI,FALSE,215.806
2021-12-01,SI,FALSE,252.40271505376344
2022-01-01,SI,FALSE,206.90349462365592
2022-02-01,SI,FALSE,195.40394345238096
2022-03-01,SI,FALSE,293.43698924731183
2022-04-01,SI,FALSE,192.68759722222222
2022-05-01,SI,FALSE,202.06291666666667
2022-06-01,SI,TRUE,246.11194444444445
2022-07-01,SI,TRUE,374.95689516129033
2022-08-01,SI,TRUE,494.3828629032258
2022-09-01,SI,TRUE,394.66019444444447
2022-10-01,SI,TRUE,196.88846774193547
2022-11-01,SI,TRUE,222.73355555555557
2022-12-01,SI,TRUE,264.2524059139785
2023-01-01,SI,TRUE,146.64783602150538
2023-02-01,SI,TRUE,145.6428869047619
2023-03-01,SI,TRUE,113.55719086021506
2023-04-01,SI,TRUE,106.08815277777778
2023-05-01,SI,TRUE,86.09309139784946
2023-06-01,SI,TRUE,95.10854166666667
2023-07-01,SI,TRUE,90.21189516129033
2023-08-01,SI,TRUE,94.76333333333334
2023-09-01,SI,TRUE,102.56381944444445
2023-10-01,SI,TRUE,103.4244623655914
2023-11-01,SI,TRUE,95.793625
2023-12-01,SI,TRUE,75.47954301075269
2015-01-01,SK,FALSE,31.262163978494623
2015-02-01,SK,FALSE,36.66056547619048
2015-03-01,SK,FALSE,30.958508064516128
2015-04-01,SK,FALSE,29.97498611111111
2015-05-01,SK,FALSE,25.758194444444445
2015-06-01,SK,FALSE,31.120201149425288
2015-07-01,SK,FALSE,38.534408602150535
2015-08-01,SK,FALSE,33.24491935483871
2015-09-01,SK,FALSE,36.61247222222222
2015-10-01,SK,FALSE,42.28674731182796
2015-11-01,SK,FALSE,36.62016666666667
2015-12-01,SK,FALSE,29.897728494623657
2016-01-01,SK,FALSE,34.472688172043014
2016-02-01,SK,FALSE,23.369353448275863
2016-03-01,SK,FALSE,23.995527777777777
2016-04-01,SK,FALSE,25.857097222222222
2016-05-01,SK,FALSE,25.155887096774194
2016-06-01,SK,FALSE,32.272958333333335
2016-07-01,SK,FALSE,29.479005376344087
2016-08-01,SK,FALSE,27.634905913978496
2016-09-01,SK,FALSE,33.427236111111114
2016-10-01,SK,FALSE,43.478680555555556
2016-11-01,SK,FALSE,40.007097701149426
2016-12-01,SK,FALSE,39.6040188172043
2017-01-01,SK,FALSE,58.13012096774194
2017-02-01,SK,FALSE,45.78236607142857
2017-03-01,SK,FALSE,32.12096774193548
2017-04-01,SK,FALSE,31.51684722222222
2017-05-01,SK,FALSE,34.25584677419355
2017-06-01,SK,FALSE,38.206583333333334
2017-07-01,SK,FALSE,42.095174731182794
2017-08-01,SK,FALSE,46.44702956989247
2017-09-01,SK,FALSE,38.680708333333335
2017-10-01,SK,FALSE,40.46083333333333
2017-11-01,SK,FALSE,50.73386111111111
2017-12-01,SK,FALSE,33.16615591397849
2018-01-01,SK,FALSE,33.40567204301075
2018-02-01,SK,FALSE,41.99377976190476
2018-03-01,SK,FALSE,39.59916666666667
2018-04-01,SK,FALSE,31.752111111111113
2018-05-01,SK,FALSE,36.079112903225806
2018-06-01,SK,FALSE,48.780972222222225
2018-07-01,SK,FALSE,50.37883064516129
2018-08-01,SK,FALSE,59.38872311827957
2018-09-01,SK,FALSE,61.801458333333336
2018-10-01,SK,FALSE,61.77916666666667
2018-11-01,SK,FALSE,59.88115277777778
2018-12-01,SK,FALSE,56.43529569892473
2019-01-01,SK,FALSE,58.83416666666667
2019-02-01,SK,FALSE,45.31729166666667
2019-03-01,SK,FALSE,33.3399059139785
2019-04-01,SK,FALSE,39.31109722222222
2019-05-01,SK,FALSE,37.873548387096776
2019-06-01,SK,FALSE,34.561458333333334
2019-07-01,SK,FALSE,42.066680107526885
2019-08-01,SK,FALSE,40.63915322580645
2019-09-01,SK,FALSE,43.420027777777776
2019-10-01,SK,FALSE,41.84626344086021
2019-11-01,SK,FALSE,42.10143055555555
2019-12-01,SK,FALSE,38.911653225806454
2020-01-01,SK,FALSE,44.36741935483871
2020-02-01,SK,FALSE,30.718706896551723
2020-03-01,SK,FALSE,25.508575268817204
2020-04-01,SK,FALSE,19.337625
2020-05-01,SK,FALSE,18.263629032258066
2020-06-01,SK,FALSE,26.343555555555557
2020-07-01,SK,FALSE,32.76584677419355
2020-08-01,SK,FALSE,35.183830645161294
2020-09-01,SK,FALSE,44.98923611111111
2020-10-01,SK,FALSE,36.363051075268814
2020-11-01,SK,FALSE,42.4595
2020-12-01,SK,FALSE,51.56301075268817
2021-01-01,SK,FALSE,55.76711021505376
2021-02-01,SK,FALSE,50.486800595238094
2021-03-01,SK,FALSE,53.745577956989244
2021-04-01,SK,FALSE,60.68694444444444
2021-05-01,SK,FALSE,59.77911290322581
2021-06-01,SK,FALSE,75.82797222222223
2021-07-01,SK,FALSE,86.36663978494623
2021-08-01,SK,FALSE,85.59448924731183
2021-09-01,SK,FALSE,132.65273611111112
2021-10-01,SK,FALSE,151.17375
2021-11-01,SK,FALSE,185.37716666666665
2021-12-01,SK,FALSE,231.95325268817206
2022-01-01,SK,FALSE,194.7853629032258
2022-02-01,SK,FALSE,171.37346726190475
2022-03-01,SK,FALSE,279.09572580645164
2022-04-01,SK,FALSE,183.68
2022-05-01,SK,FALSE,194.79896505376345
2022-06-01,SK,TRUE,235.80454166666667
2022-07-01,SK,TRUE,368.4345698924731
2022-08-01,SK,TRUE,492.4732795698925
2022-09-01,SK,TRUE,386.51981944444447
2022-10-01,SK,TRUE,188.2867069892473
2022-11-01,SK,TRUE,215.84697222222223
2022-12-01,SK,TRUE,257.6967204301075
2023-01-01,SK,TRUE,146.5839247311828
2023-02-01,SK,TRUE,145.42407738095238
2023-03-01,SK,TRUE,112.79483870967742
2023-04-01,SK,TRUE,106.29006944444444
2023-05-01,SK,TRUE,87.55557795698925
2023-06-01,SK,TRUE,96.69294444444445
2023-07-01,SK,TRUE,90.95694892473118
2023-08-01,SK,TRUE,94.49989247311828
2023-09-01,SK,TRUE,103.59270833333333
2023-10-01,SK,TRUE,102.66344086021505
2023-11-01,SK,TRUE,96.01423611111112
2023-12-01,SK,TRUE,76.98377688172043
